label,ver,rep,m,B,kappa_max,C0,parse_s,adj_s,merge_s,total_s,ck_cand_s,ck_sort_s,ck_kruskal_s,ck_dfs_s,ck_heavy_s,ck_map_s,ck_write_s,rss_after_parse_kb,rss_after_adj_kb,rss_peak_internal_kb,hidx_bytes,leaves,nodes,cand,cursor_adv,max_nk,max_cand,bytes_per_leaf,rss_peak_time_kb,hidx_sha256,loadavg,utc,machine_id,sha
ASTOPO,v2,1,154841,4982593,147,6399436,0.1946,0.0046,1.9444,2.1457,0.4905,0.7084,0.1834,0.1509,0.0860,0.0078,0.1352,114308,114308,166288,266789596,6399436,6399289,17376879,4856727,154841,357547,41.690,172632,a37f6f21b61d0ed827903efd4650e06d205f885e6029bfc01098b0f240cb2882,5.15,2026-08-22T05:35:16Z,ae04d236321b440db4491d279c0530de,767b1de78b3900ac367b16b1855abcb85232e0353396735ccd8fb8f5b11f79f7
ASTOPO,v3,1,154841,4982593,147,6399436,0.1689,0.0046,1.7554,1.9307,0.4195,0.6527,0.1783,0.1284,0.0855,0.0066,0.1280,114416,114416,166276,266789596,6399436,6399289,17376879,4856727,154841,357547,41.690,172736,a37f6f21b61d0ed827903efd4650e06d205f885e6029bfc01098b0f240cb2882,5.15,2026-08-22T05:35:19Z,ae04d236321b440db4491d279c0530de,4a538f12f9b5e2a2b13301ec6842f624e2fbdfd9653199164c61972c46fefb61
ASTOPO,v2,2,154841,4982593,147,6399436,0.1666,0.0045,1.7579,1.9308,0.4418,0.6575,0.1712,0.1202,0.0807,0.0063,0.1260,114452,114452,166312,266789596,6399436,6399289,17376879,4856727,154841,357547,41.690,172776,,5.22,2026-08-22T05:35:24Z,ae04d236321b440db4491d279c0530de,767b1de78b3900ac367b16b1855abcb85232e0353396735ccd8fb8f5b11f79f7
ASTOPO,v3,2,154841,4982593,147,6399436,0.1671,0.0045,1.7361,1.9101,0.4175,0.6478,0.1753,0.1259,0.0849,0.0063,0.1262,114364,114364,166284,266789596,6399436,6399289,17376879,4856727,154841,357547,41.690,172684,,5.28,2026-08-22T05:35:26Z,ae04d236321b440db4491d279c0530de,4a538f12f9b5e2a2b13301ec6842f624e2fbdfd9653199164c61972c46fefb61
DBLPCA,v2,1,11859561,65946621,562,264757513,14.3197,0.5160,109.1604,124.1386,29.7818,39.1129,14.3076,8.5293,4.9061,0.4616,5.9933,1718596,1839684,4717432,10588336224,264757513,264653525,583614435,57438684,11859561,22255799,39.993,4840720,5a8bdd6446a35517513ff695786dde9fed51a033f4e6f141e5522e70e63ca472,5.28,2026-08-22T05:38:17Z,ae04d236321b440db4491d279c0530de,767b1de78b3900ac367b16b1855abcb85232e0353396735ccd8fb8f5b11f79f7
DBLPCA,v3,1,11859561,65946621,562,264757513,10.1446,0.5084,96.0631,106.8583,23.2597,36.1029,12.7013,7.8708,4.5348,0.3950,6.1481,1718704,1839732,4717236,10588336224,264757513,264653525,583614435,57438684,11859561,22255799,39.993,4840768,5a8bdd6446a35517513ff695786dde9fed51a033f4e6f141e5522e70e63ca472,5.68,2026-08-22T05:40:50Z,ae04d236321b440db4491d279c0530de,4a538f12f9b5e2a2b13301ec6842f624e2fbdfd9653199164c61972c46fefb61
DBLPCA,v2,2,11859561,65946621,562,264757513,10.3870,0.5064,99.8468,110.8927,24.9428,38.1396,12.7151,7.5279,4.4394,0.3959,6.6210,1718724,1839692,4717188,10588336224,264757513,264653525,583614435,57438684,11859561,22255799,39.993,4840720,,6.44,2026-08-22T05:44:18Z,ae04d236321b440db4491d279c0530de,767b1de78b3900ac367b16b1855abcb85232e0353396735ccd8fb8f5b11f79f7
DBLPCA,v3,2,11859561,65946621,562,264757513,18.9594,0.5004,96.7072,116.3211,23.5733,36.0602,12.9381,7.8841,4.6251,0.4085,6.0724,1718728,1839696,4717196,10588336224,264757513,264653525,583614435,57438684,11859561,22255799,39.993,4840728,,7.64,2026-08-22T05:46:16Z,ae04d236321b440db4491d279c0530de,4a538f12f9b5e2a2b13301ec6842f624e2fbdfd9653199164c61972c46fefb61
YT,v2,1,12223774,129717613,123,216638111,17.1274,0.5966,100.4244,118.3062,25.1764,38.3455,14.5450,7.3364,3.4708,0.3550,4.6517,2971620,3105100,6128896,8665719008,216638111,216635069,557597379,119134744,12223774,23442745,40.001,6248140,942bbc77f776376e41d92aa5a470425e6bef8642c2726ab37b1c0b36d8387e95,8.77,2026-08-22T05:48:54Z,ae04d236321b440db4491d279c0530de,767b1de78b3900ac367b16b1855abcb85232e0353396735ccd8fb8f5b11f79f7
YT,v3,1,12223774,129717613,123,216638111,11.0844,0.5768,106.1008,117.9118,24.7548,37.9330,17.2604,8.4133,3.8996,0.4180,4.9703,2971560,3104972,6128848,8665719008,216638111,216635069,557597379,119134744,12223774,23442745,40.001,6248012,942bbc77f776376e41d92aa5a470425e6bef8642c2726ab37b1c0b36d8387e95,7.98,2026-08-22T05:51:30Z,ae04d236321b440db4491d279c0530de,4a538f12f9b5e2a2b13301ec6842f624e2fbdfd9653199164c61972c46fefb61
YT,v2,2,12223774,129717613,123,216638111,10.3526,0.5619,99.0989,110.1692,24.5498,38.4240,13.9601,7.2461,3.4975,0.3596,4.4717,2971624,3105100,6128896,8665719008,216638111,216635069,557597379,119134744,12223774,23442745,40.001,6248140,,5.50,2026-08-22T05:54:39Z,ae04d236321b440db4491d279c0530de,767b1de78b3900ac367b16b1855abcb85232e0353396735ccd8fb8f5b11f79f7
YT,v3,2,12223774,129717613,123,216638111,10.2825,0.5542,96.2644,107.2694,22.6583,37.3659,13.9453,7.3526,3.5785,0.3596,4.4378,2971556,3104968,6128764,8665719008,216638111,216635069,557597379,119134744,12223774,23442745,40.001,6248008,,5.79,2026-08-22T05:56:27Z,ae04d236321b440db4491d279c0530de,4a538f12f9b5e2a2b13301ec6842f624e2fbdfd9653199164c61972c46fefb61
EPI,v2,1,13668320,152077588,151,662349794,14.6219,0.5054,249.2519,264.5566,54.9339,103.1630,31.4212,18.9920,10.3987,1.0944,15.4152,3481272,3588044,7019648,26495163804,662349794,662349303,1497598891,142955943,13668320,27661695,40.002,7211884,7cd8f50f77613a844666b32a028cc5c17f2ab1ccdbc2b03be757d5732faec37d,6.37,2026-08-22T06:02:49Z,ae04d236321b440db4491d279c0530de,767b1de78b3900ac367b16b1855abcb85232e0353396735ccd8fb8f5b11f79f7
EPI,v3,1,13668320,152077588,151,662349794,11.2304,0.5102,253.0684,264.9838,54.6193,100.5112,34.3442,20.5985,10.8873,1.1609,14.8702,3481292,3588064,7021716,26495163804,662349794,662349303,1497598891,142955943,13668320,27661695,40.002,7213952,7cd8f50f77613a844666b32a028cc5c17f2ab1ccdbc2b03be757d5732faec37d,5.52,2026-08-22T06:09:11Z,ae04d236321b440db4491d279c0530de,4a538f12f9b5e2a2b13301ec6842f624e2fbdfd9653199164c61972c46fefb61
EPI,v2,2,13668320,152077588,151,662349794,11.0751,0.5074,253.3368,265.1117,55.4457,106.1985,31.3867,19.0593,10.3552,1.0963,15.6035,3481236,3588008,7019616,26495163804,662349794,662349303,1497598891,142955943,13668320,27661695,40.002,7211852,,5.98,2026-08-22T06:17:38Z,ae04d236321b440db4491d279c0530de,767b1de78b3900ac367b16b1855abcb85232e0353396735ccd8fb8f5b11f79f7
EPI,v3,2,13668320,152077588,151,662349794,10.9058,0.5042,243.6522,255.2343,52.0351,100.9158,30.7262,19.2220,10.4879,1.0863,15.3312,3481132,3588024,7021624,26495163804,662349794,662349303,1497598891,142955943,13668320,27661695,40.002,7213920,,6.58,2026-08-22T06:21:56Z,ae04d236321b440db4491d279c0530de,4a538f12f9b5e2a2b13301ec6842f624e2fbdfd9653199164c61972c46fefb61
ACL,v2,1,65179586,215338911,15,280520976,43.4707,5.5531,254.0020,303.8659,63.1875,93.0013,40.2644,24.4779,10.3824,0.6801,7.6255,7699944,8209424,25610056,12038255064,280520976,279961056,670839592,165454721,65179586,126934166,42.914,26092360,94c121428bfb56b791a93344dd39ad32eabb03a38631775a4412435e4e58edea,6.29,2026-08-22T06:27:58Z,ae04d236321b440db4491d279c0530de,767b1de78b3900ac367b16b1855abcb85232e0353396735ccd8fb8f5b11f79f7
ACL,v3,1,65179586,215338911,15,280520976,56.9479,5.9854,260.4187,324.2347,64.6870,91.7738,41.4113,25.0107,11.0622,1.0855,6.8270,7699996,8209412,25610044,12038255064,280520976,279961056,670839592,165454721,65179586,126934166,42.914,26092348,94c121428bfb56b791a93344dd39ad32eabb03a38631775a4412435e4e58edea,16.91,2026-08-22T06:34:16Z,ae04d236321b440db4491d279c0530de,4a538f12f9b5e2a2b13301ec6842f624e2fbdfd9653199164c61972c46fefb61
ACL,v2,2,65179586,215338911,15,280520976,44.6198,5.5303,232.0973,283.0934,56.7157,88.2257,37.5722,22.4400,9.9694,0.5715,6.5052,7699940,8209420,25610052,12038255064,280520976,279961056,670839592,165454721,65179586,126934166,42.914,26092356,,5.60,2026-08-22T06:40:49Z,ae04d236321b440db4491d279c0530de,767b1de78b3900ac367b16b1855abcb85232e0353396735ccd8fb8f5b11f79f7
ACL,v3,2,65179586,215338911,15,280520976,43.9791,5.7580,249.0170,299.6127,63.3323,88.5400,39.0810,25.1648,11.0003,0.7105,6.6742,7700020,8209496,25610128,12038255064,280520976,279961056,670839592,165454721,65179586,126934166,42.914,26092432,,5.73,2026-08-22T06:45:51Z,ae04d236321b440db4491d279c0530de,4a538f12f9b5e2a2b13301ec6842f624e2fbdfd9653199164c61972c46fefb61
AHO,v2,1,66623880,274536550,18,341164076,50.1276,5.6994,287.9969,344.7335,70.1480,110.7406,46.5054,27.1094,11.3454,0.6747,9.1707,8961596,9482228,27781184,14608837868,341164076,340940393,845603014,221128059,66623880,139656999,42.821,28237888,e2486292a5f8a927421fff2b5e8ef34cd45911ebaff25103e686f4f3af831c31,9.71,2026-08-22T06:53:01Z,ae04d236321b440db4491d279c0530de,767b1de78b3900ac367b16b1855abcb85232e0353396735ccd8fb8f5b11f79f7
AHO,v3,1,66623880,274536550,18,341164076,50.4823,5.7512,333.3327,390.4640,84.4818,120.3396,53.5711,32.9374,13.2741,1.0829,9.5770,8961632,9482204,27797544,14608837868,341164076,340940393,845603014,221128059,66623880,139656999,42.821,28254352,e2486292a5f8a927421fff2b5e8ef34cd45911ebaff25103e686f4f3af831c31,20.12,2026-08-22T07:00:42Z,ae04d236321b440db4491d279c0530de,4a538f12f9b5e2a2b13301ec6842f624e2fbdfd9653199164c61972c46fefb61
AHO,v2,2,66623880,274536550,18,341164076,55.6165,5.7329,319.9363,382.1998,83.7388,117.1931,50.9418,30.9980,12.7395,0.8695,8.2306,8961492,9482192,27781148,14608837868,341164076,340940393,845603014,221128059,66623880,139656999,42.821,28237852,,8.58,2026-08-22T07:09:20Z,ae04d236321b440db4491d279c0530de,767b1de78b3900ac367b16b1855abcb85232e0353396735ccd8fb8f5b11f79f7
AHO,v3,2,66623880,274536550,18,341164076,58.3562,5.9155,305.6268,370.8462,77.4260,108.2761,51.2161,31.5934,12.8384,1.0473,8.2364,8961548,9482180,27797520,14608837868,341164076,340940393,845603014,221128059,66623880,139656999,42.821,28254224,,6.48,2026-08-22T07:15:34Z,ae04d236321b440db4491d279c0530de,4a538f12f9b5e2a2b13301ec6842f624e2fbdfd9653199164c61972c46fefb61
