label,status,rc,wall_s,sweep_s,total_s,load_s,peak_rss_kb,peak_rss_gib,breakpoints,stream_records,index_bytes,pred_s,timeout_s,utc,loadavg_start,loadavg_end,machine_id,kcs_sha
WT,OK,0,1:25:59,5132.05,5155.22,1.84636,19021472,18.140,1119571735,1119571641,9731537068,4900,14700,2026-08-19T05:25:43Z,22.55,1.24,ae04d236321b440db4491d279c0530de,d4bae9eb15cd3fca680acca1bdace0235facae0daefbb7e539124e97c8dce24f
ACL,OK,0,1:09:03,3972.03,4075.55,33.1024,20118140,19.186,215338915,215338911,2780654784,5500,16500,2026-08-19T06:51:43Z,1.24,10.75,ae04d236321b440db4491d279c0530de,d4bae9eb15cd3fca680acca1bdace0235facae0daefbb7e539124e97c8dce24f
AHO,OK,0,1:25:21,4931.02,5050.13,34.4647,21365104,20.375,274536554,274536550,3416981088,5900,17700,2026-08-19T08:00:46Z,10.75,6.69,ae04d236321b440db4491d279c0530de,d4bae9eb15cd3fca680acca1bdace0235facae0daefbb7e539124e97c8dce24f
FL,OK,0,2:28:48,8465.67,8566.09,128.464,83177308,79.324,1826567074,1127178653,9116224420,21400,64200,2026-08-19T09:26:07Z,6.69,4.07,ae04d236321b440db4491d279c0530de,d4bae9eb15cd3fca680acca1bdace0235facae0daefbb7e539124e97c8dce24f
PROSPER,OK,0,11:14.76,665.008,670.632,1.37414,4090424,3.901,172500075,165302704,1335827736,1900,5700,2026-08-19T12:32:22Z,4.49,2.61,ae04d236321b440db4491d279c0530de,d4bae9eb15cd3fca680acca1bdace0235facae0daefbb7e539124e97c8dce24f
DBLPCA,OK,0,6:02.19,318.04,332.344,20.912,7248468,6.913,86100309,65946621,575012764,3800,11400,2026-08-19T12:44:55Z,1.71,3.04,ae04d236321b440db4491d279c0530de,d4bae9eb15cd3fca680acca1bdace0235facae0daefbb7e539124e97c8dce24f
HEPTH,OK,0,3:24.63,165.306,177.727,0.892722,11662756,11.122,61607853,38353833,317553500,3200,9600,2026-08-19T12:50:58Z,3.04,4.03,ae04d236321b440db4491d279c0530de,d4bae9eb15cd3fca680acca1bdace0235facae0daefbb7e539124e97c8dce24f
BRIGHTKITE,OK,0,1:37:14,5804.05,5830.39,2.28175,24186912,23.066,1469824407,1469822803,12382498932,6700,20100,2026-08-19T12:54:22Z,4.03,1.22,ae04d236321b440db4491d279c0530de,d4bae9eb15cd3fca680acca1bdace0235facae0daefbb7e539124e97c8dce24f
HEPPH,OK,0,32:50.31,1925.46,1951.17,1.63521,24733204,23.587,628387176,454426926,3653949420,6900,20700,2026-08-19T14:31:37Z,1.22,1.17,ae04d236321b440db4491d279c0530de,d4bae9eb15cd3fca680acca1bdace0235facae0daefbb7e539124e97c8dce24f
ASTOPO,OK,0,0:13.43,12.9397,13.1082,0.0521146,141084,0.135,5115397,4982593,46891004,600,1800,2026-08-21T06:14:15Z,2.54,2.73,ae04d236321b440db4491d279c0530de,d4bae9eb15cd3fca680acca1bdace0235facae0daefbb7e539124e97c8dce24f
SUPERUSER,OK,0,2:42.33,160.271,161.54,0.329838,825008,0.787,34660629,34660626,372481596,600,1800,2026-08-21T06:14:28Z,2.73,3.77,ae04d236321b440db4491d279c0530de,d4bae9eb15cd3fca680acca1bdace0235facae0daefbb7e539124e97c8dce24f
AMZRAT,OK,0,3:07.96,177.156,183.467,2.23062,1822924,1.738,19701396,19699424,180844680,732,2196,2026-08-21T06:17:11Z,3.77,3.78,ae04d236321b440db4491d279c0530de,d4bae9eb15cd3fca680acca1bdace0235facae0daefbb7e539124e97c8dce24f
AMZELEC,OK,0,4:02.00,224.822,233.567,5.03262,2293652,2.187,15481762,15477914,155202904,926,2778,2026-08-21T06:20:19Z,3.78,3.84,ae04d236321b440db4491d279c0530de,d4bae9eb15cd3fca680acca1bdace0235facae0daefbb7e539124e97c8dce24f
GOWALLA,OK,0,12:07.38,712.491,721.823,2.5368,3336060,3.182,109108013,109107996,1087790876,1337,4011,2026-08-21T06:24:21Z,3.84,5.55,ae04d236321b440db4491d279c0530de,d4bae9eb15cd3fca680acca1bdace0235facae0daefbb7e539124e97c8dce24f
WIKICONF,OK,0,18:24.77,1096.02,1102.47,0.834983,5533984,5.278,303011706,302743542,2630446248,2155,6465,2026-08-21T06:36:28Z,5.55,29.49,ae04d236321b440db4491d279c0530de,d4bae9eb15cd3fca680acca1bdace0235facae0daefbb7e539124e97c8dce24f
