label,status,exit_code,wall_s,peak_rss_kb,peak_rss_gb,machine_id,kcs_bin_sha256,kcs_src_sha256,compiler,utc_start,loadavg_start,loadavg_end,load_flag,timeout_s,cmd
P-ENR-kcs,OK,0,891.346,4426028,4.221,ae04d236321b440db4491d279c0530de,d4bae9eb15cd3fca680acca1bdace0235facae0daefbb7e539124e97c8dce24f,704981c4e9b4a3fb5826b6e43b7e787dfffef7ebd206f0d6753094fbfda5e3b2,"g++ (Ubuntu 11.4.0-1ubuntu1~22.04.3) 11.4.0",2026-08-18T03:06:47Z,1.15,1.50,clean,10800,"data/kcs data/enron.txt --stream data/ENR.kcs.strm --novalidate"
P-BTCA-kcs,OK,0,0.741,12328,0.012,ae04d236321b440db4491d279c0530de,d4bae9eb15cd3fca680acca1bdace0235facae0daefbb7e539124e97c8dce24f,704981c4e9b4a3fb5826b6e43b7e787dfffef7ebd206f0d6753094fbfda5e3b2,"g++ (Ubuntu 11.4.0-1ubuntu1~22.04.3) 11.4.0",2026-08-18T03:24:39Z,2.15,2.15,ELEVATED_LOAD,10800,"data/kcs data/bitcoinalpha.txt --stream data/BTCA.kcs.strm --novalidate"
P-AB-kcs,OK,0,1107.287,7737320,7.379,ae04d236321b440db4491d279c0530de,d4bae9eb15cd3fca680acca1bdace0235facae0daefbb7e539124e97c8dce24f,704981c4e9b4a3fb5826b6e43b7e787dfffef7ebd206f0d6753094fbfda5e3b2,"g++ (Ubuntu 11.4.0-1ubuntu1~22.04.3) 11.4.0",2026-08-18T04:19:23Z,5.68,5.29,ELEVATED_LOAD,10800,"data/kcs data/Amazon-Books.norm.txt --stream data/AB.kcs.strm --novalidate"
P-AB-kcs,OK,0,1133.453,7737348,7.379,ae04d236321b440db4491d279c0530de,d4bae9eb15cd3fca680acca1bdace0235facae0daefbb7e539124e97c8dce24f,704981c4e9b4a3fb5826b6e43b7e787dfffef7ebd206f0d6753094fbfda5e3b2,"g++ (Ubuntu 11.4.0-1ubuntu1~22.04.3) 11.4.0",2026-08-18T04:44:08Z,1.85,13.55,ELEVATED_LOAD,10800,"data/kcs data/Amazon-Books.norm.txt --stream data/AB.kcs.strm --novalidate"
P-YT-kcs,OK,0,719.443,6290124,5.999,ae04d236321b440db4491d279c0530de,d4bae9eb15cd3fca680acca1bdace0235facae0daefbb7e539124e97c8dce24f,704981c4e9b4a3fb5826b6e43b7e787dfffef7ebd206f0d6753094fbfda5e3b2,"g++ (Ubuntu 11.4.0-1ubuntu1~22.04.3) 11.4.0",2026-08-18T05:05:01Z,7.83,6.01,ELEVATED_LOAD,10800,"data/kcs data/soc-youtube-growth.norm.txt --stream data/YT.kcs.strm --novalidate"
P-DIGG-kcs,OK,0,594.023,2336240,2.228,ae04d236321b440db4491d279c0530de,d4bae9eb15cd3fca680acca1bdace0235facae0daefbb7e539124e97c8dce24f,704981c4e9b4a3fb5826b6e43b7e787dfffef7ebd206f0d6753094fbfda5e3b2,"g++ (Ubuntu 11.4.0-1ubuntu1~22.04.3) 11.4.0",2026-08-19T04:00:12Z,3.99,36.75,ELEVATED_LOAD,10800,"data/kcs data/digg-friends.norm.txt --stream data/DIGG.kcs.strm --novalidate"
P-EPI-kcs,OK,0,1012.034,13534888,12.908,ae04d236321b440db4491d279c0530de,d4bae9eb15cd3fca680acca1bdace0235facae0daefbb7e539124e97c8dce24f,704981c4e9b4a3fb5826b6e43b7e787dfffef7ebd206f0d6753094fbfda5e3b2,"g++ (Ubuntu 11.4.0-1ubuntu1~22.04.3) 11.4.0",2026-08-19T04:11:58Z,21.08,19.44,ELEVATED_LOAD,10800,"data/kcs data/rec-epinions-user-ratings.norm.txt --stream data/EPI.kcs.strm --novalidate"
P-ENR-sweep,TIMEOUT,124,10800.205,3581016,3.415,ae04d236321b440db4491d279c0530de,d4bae9eb15cd3fca680acca1bdace0235facae0daefbb7e539124e97c8dce24f,704981c4e9b4a3fb5826b6e43b7e787dfffef7ebd206f0d6753094fbfda5e3b2,"g++ (Ubuntu 11.4.0-1ubuntu1~22.04.3) 11.4.0",2026-08-23T02:58:47Z,4.42,20.50,ELEVATED_LOAD,10800,"data/kcs data/enron.txt --stream data/ENR.sweep.strm --novalidate --hist"
P-ENR-sweep0,TIMEOUT,124,10800.223,3581136,3.415,ae04d236321b440db4491d279c0530de,d4bae9eb15cd3fca680acca1bdace0235facae0daefbb7e539124e97c8dce24f,704981c4e9b4a3fb5826b6e43b7e787dfffef7ebd206f0d6753094fbfda5e3b2,"g++ (Ubuntu 11.4.0-1ubuntu1~22.04.3) 11.4.0",2026-08-23T02:58:47Z,4.42,20.50,ELEVATED_LOAD,10800,"data/kcs data/enron.txt --stream data/ENR.sweep0.strm --novalidate --nofilter"
P-YT-sweep,TIMEOUT,124,10800.406,5923724,5.649,ae04d236321b440db4491d279c0530de,d4bae9eb15cd3fca680acca1bdace0235facae0daefbb7e539124e97c8dce24f,704981c4e9b4a3fb5826b6e43b7e787dfffef7ebd206f0d6753094fbfda5e3b2,"g++ (Ubuntu 11.4.0-1ubuntu1~22.04.3) 11.4.0",2026-08-23T05:59:39Z,15.72,15.39,ELEVATED_LOAD,10800,"data/kcs data/soc-youtube-growth.norm.txt --stream data/YT.sweep.strm --novalidate --hist"
P-YT-sweep0,TIMEOUT,124,10800.353,5932672,5.658,ae04d236321b440db4491d279c0530de,d4bae9eb15cd3fca680acca1bdace0235facae0daefbb7e539124e97c8dce24f,704981c4e9b4a3fb5826b6e43b7e787dfffef7ebd206f0d6753094fbfda5e3b2,"g++ (Ubuntu 11.4.0-1ubuntu1~22.04.3) 11.4.0",2026-08-23T05:59:40Z,15.72,15.39,ELEVATED_LOAD,10800,"data/kcs data/soc-youtube-growth.norm.txt --stream data/YT.sweep0.strm --novalidate --nofilter"
P-DBLPCA-sweep,OK,0,593.676,4999056,4.767,ae04d236321b440db4491d279c0530de,d4bae9eb15cd3fca680acca1bdace0235facae0daefbb7e539124e97c8dce24f,704981c4e9b4a3fb5826b6e43b7e787dfffef7ebd206f0d6753094fbfda5e3b2,"g++ (Ubuntu 11.4.0-1ubuntu1~22.04.3) 11.4.0",2026-08-23T09:00:17Z,14.16,15.36,ELEVATED_LOAD,10800,"data/kcs data/dblp-coauthor.norm.txt --stream data/DBLPCA.sweep.strm --novalidate --hist"
P-DBLPCA-sweep0,OK,0,660.019,5028428,4.795,ae04d236321b440db4491d279c0530de,d4bae9eb15cd3fca680acca1bdace0235facae0daefbb7e539124e97c8dce24f,704981c4e9b4a3fb5826b6e43b7e787dfffef7ebd206f0d6753094fbfda5e3b2,"g++ (Ubuntu 11.4.0-1ubuntu1~22.04.3) 11.4.0",2026-08-23T09:00:16Z,14.18,16.09,ELEVATED_LOAD,10800,"data/kcs data/dblp-coauthor.norm.txt --stream data/DBLPCA.sweep0.strm --novalidate --nofilter"
P-AB-sweep,OK,0,3959.806,5745384,5.479,ae04d236321b440db4491d279c0530de,d4bae9eb15cd3fca680acca1bdace0235facae0daefbb7e539124e97c8dce24f,704981c4e9b4a3fb5826b6e43b7e787dfffef7ebd206f0d6753094fbfda5e3b2,"g++ (Ubuntu 11.4.0-1ubuntu1~22.04.3) 11.4.0",2026-08-23T09:10:18Z,15.39,10.01,ELEVATED_LOAD,10800,"data/kcs data/Amazon-Books.norm.txt --stream data/AB.sweep.strm --novalidate --hist"
P-AB-sweep0,OK,0,4211.315,5763360,5.496,ae04d236321b440db4491d279c0530de,d4bae9eb15cd3fca680acca1bdace0235facae0daefbb7e539124e97c8dce24f,704981c4e9b4a3fb5826b6e43b7e787dfffef7ebd206f0d6753094fbfda5e3b2,"g++ (Ubuntu 11.4.0-1ubuntu1~22.04.3) 11.4.0",2026-08-23T09:11:24Z,16.45,13.32,ELEVATED_LOAD,10800,"data/kcs data/Amazon-Books.norm.txt --stream data/AB.sweep0.strm --novalidate --nofilter"
P-EPI-sweep,TIMEOUT,124,10800.570,10741944,10.244,ae04d236321b440db4491d279c0530de,d4bae9eb15cd3fca680acca1bdace0235facae0daefbb7e539124e97c8dce24f,704981c4e9b4a3fb5826b6e43b7e787dfffef7ebd206f0d6753094fbfda5e3b2,"g++ (Ubuntu 11.4.0-1ubuntu1~22.04.3) 11.4.0",2026-08-23T10:17:07Z,9.85,27.17,ELEVATED_LOAD,10800,"data/kcs data/rec-epinions-user-ratings.norm.txt --stream data/EPI.sweep.strm --novalidate --hist"
P-EPI-sweep0,TIMEOUT,124,10800.634,10759528,10.261,ae04d236321b440db4491d279c0530de,d4bae9eb15cd3fca680acca1bdace0235facae0daefbb7e539124e97c8dce24f,704981c4e9b4a3fb5826b6e43b7e787dfffef7ebd206f0d6753094fbfda5e3b2,"g++ (Ubuntu 11.4.0-1ubuntu1~22.04.3) 11.4.0",2026-08-23T10:22:30Z,13.49,8.71,ELEVATED_LOAD,10800,"data/kcs data/rec-epinions-user-ratings.norm.txt --stream data/EPI.sweep0.strm --novalidate --nofilter"
P-HEPPH-sweep,TIMEOUT,124,10800.741,15324380,14.614,ae04d236321b440db4491d279c0530de,d4bae9eb15cd3fca680acca1bdace0235facae0daefbb7e539124e97c8dce24f,704981c4e9b4a3fb5826b6e43b7e787dfffef7ebd206f0d6753094fbfda5e3b2,"g++ (Ubuntu 11.4.0-1ubuntu1~22.04.3) 11.4.0",2026-08-23T13:17:50Z,18.29,16.83,ELEVATED_LOAD,10800,"data/kcs data/ca-cit-HepPh.norm.txt --stream data/HEPPH.sweep.strm --novalidate --hist"
P-HEPPH-sweep0,TIMEOUT,124,10800.801,15317660,14.608,ae04d236321b440db4491d279c0530de,d4bae9eb15cd3fca680acca1bdace0235facae0daefbb7e539124e97c8dce24f,704981c4e9b4a3fb5826b6e43b7e787dfffef7ebd206f0d6753094fbfda5e3b2,"g++ (Ubuntu 11.4.0-1ubuntu1~22.04.3) 11.4.0",2026-08-23T13:22:52Z,8.75,15.95,ELEVATED_LOAD,10800,"data/kcs data/ca-cit-HepPh.norm.txt --stream data/HEPPH.sweep0.strm --novalidate --nofilter"
P-WT-sweep,TIMEOUT,124,10801.025,19339108,18.443,ae04d236321b440db4491d279c0530de,d4bae9eb15cd3fca680acca1bdace0235facae0daefbb7e539124e97c8dce24f,704981c4e9b4a3fb5826b6e43b7e787dfffef7ebd206f0d6753094fbfda5e3b2,"g++ (Ubuntu 11.4.0-1ubuntu1~22.04.3) 11.4.0",2026-08-23T16:17:51Z,16.83,10.10,ELEVATED_LOAD,10800,"data/kcs data/wiki-talk.txt --stream data/WT.sweep.strm --novalidate --hist"
P-WT-sweep0,TIMEOUT,124,10800.983,19347276,18.451,ae04d236321b440db4491d279c0530de,d4bae9eb15cd3fca680acca1bdace0235facae0daefbb7e539124e97c8dce24f,704981c4e9b4a3fb5826b6e43b7e787dfffef7ebd206f0d6753094fbfda5e3b2,"g++ (Ubuntu 11.4.0-1ubuntu1~22.04.3) 11.4.0",2026-08-23T16:22:52Z,15.95,10.30,ELEVATED_LOAD,10800,"data/kcs data/wiki-talk.txt --stream data/WT.sweep0.strm --novalidate --nofilter"
P-AHO-sweep,TIMEOUT,124,10800.931,16281996,15.528,ae04d236321b440db4491d279c0530de,d4bae9eb15cd3fca680acca1bdace0235facae0daefbb7e539124e97c8dce24f,704981c4e9b4a3fb5826b6e43b7e787dfffef7ebd206f0d6753094fbfda5e3b2,"g++ (Ubuntu 11.4.0-1ubuntu1~22.04.3) 11.4.0",2026-08-23T19:17:52Z,10.10,7.45,ELEVATED_LOAD,10800,"data/kcs data/AmzHomeKitchen.norm.txt --stream data/AHO.sweep.strm --novalidate --hist"
P-AHO-sweep0,TIMEOUT,124,10800.868,16279484,15.525,ae04d236321b440db4491d279c0530de,d4bae9eb15cd3fca680acca1bdace0235facae0daefbb7e539124e97c8dce24f,704981c4e9b4a3fb5826b6e43b7e787dfffef7ebd206f0d6753094fbfda5e3b2,"g++ (Ubuntu 11.4.0-1ubuntu1~22.04.3) 11.4.0",2026-08-23T19:22:53Z,10.30,7.82,ELEVATED_LOAD,10800,"data/kcs data/AmzHomeKitchen.norm.txt --stream data/AHO.sweep0.strm --novalidate --nofilter"
P-BRIGHTKITE-sweep,TIMEOUT,124,10800.797,16043104,15.300,ae04d236321b440db4491d279c0530de,d4bae9eb15cd3fca680acca1bdace0235facae0daefbb7e539124e97c8dce24f,704981c4e9b4a3fb5826b6e43b7e787dfffef7ebd206f0d6753094fbfda5e3b2,"g++ (Ubuntu 11.4.0-1ubuntu1~22.04.3) 11.4.0",2026-08-23T22:17:53Z,7.45,7.02,ELEVATED_LOAD,10800,"data/kcs data/loc-brightkite.norm.txt --stream data/BRIGHTKITE.sweep.strm --novalidate --hist"
P-BRIGHTKITE-sweep0,TIMEOUT,124,10800.867,16043028,15.300,ae04d236321b440db4491d279c0530de,d4bae9eb15cd3fca680acca1bdace0235facae0daefbb7e539124e97c8dce24f,704981c4e9b4a3fb5826b6e43b7e787dfffef7ebd206f0d6753094fbfda5e3b2,"g++ (Ubuntu 11.4.0-1ubuntu1~22.04.3) 11.4.0",2026-08-23T22:22:54Z,7.82,7.00,ELEVATED_LOAD,10800,"data/kcs data/loc-brightkite.norm.txt --stream data/BRIGHTKITE.sweep0.strm --novalidate --nofilter"
P-FL-sweep,TIMEOUT,124,10802.465,55458552,52.889,ae04d236321b440db4491d279c0530de,d4bae9eb15cd3fca680acca1bdace0235facae0daefbb7e539124e97c8dce24f,704981c4e9b4a3fb5826b6e43b7e787dfffef7ebd206f0d6753094fbfda5e3b2,"g++ (Ubuntu 11.4.0-1ubuntu1~22.04.3) 11.4.0",2026-08-24T01:17:54Z,7.02,10.37,ELEVATED_LOAD,10800,"data/kcs data/soc-flickr-growth.norm.txt --stream data/FL.sweep.strm --novalidate --hist"
P-FL-sweep0,TIMEOUT,124,10802.435,55478544,52.908,ae04d236321b440db4491d279c0530de,d4bae9eb15cd3fca680acca1bdace0235facae0daefbb7e539124e97c8dce24f,704981c4e9b4a3fb5826b6e43b7e787dfffef7ebd206f0d6753094fbfda5e3b2,"g++ (Ubuntu 11.4.0-1ubuntu1~22.04.3) 11.4.0",2026-08-24T01:22:55Z,7.00,10.63,ELEVATED_LOAD,10800,"data/kcs data/soc-flickr-growth.norm.txt --stream data/FL.sweep0.strm --novalidate --nofilter"
