label,certificate,status,exit_code,wall_s,sweep_s,rechecks,real_alarms,false_alarms,accuracy_pct,drop_checks,drop_hits,breakpoints,peak_rss_kb,machine_id,kcs_bin_sha256,utc,loadavg_start,loadavg_end,notes
BTCA,rank-aware,OK,0,0.564,0.515817,604296,264641,339655,43.79,NA,NA,157904,12332,ae04d236321b440db4491d279c0530de,d4bae9eb15cd3fca680acca1bdace0235facae0daefbb7e539124e97c8dce24f,2026-08-18T03:51:42Z,1.15,1.15,"split=adaptive-eighths(r*ssplit/8) timer=rank-space-partition-search+budget-forest"
BTCA,counter-only,OK,0,0.680,0.631869,1101392,260755,840637,23.68,15715623,2952385,157900,12292,ae04d236321b440db4491d279c0530de,d4bae9eb15cd3fca680acca1bdace0235facae0daefbb7e539124e97c8dce24f,2026-08-18T03:51:42Z,1.15,1.15,"split=sqrt-margin(min(r/2,sqrt(r))) timer=raw-flank+direct-rbud CONFOUND:split-rule-also-differs-from-rank-aware"
BTCA,naive-recompute,OK,0,61.238,61.196,NA,NA,NA,NA,NA,NA,157675,31296,ae04d236321b440db4491d279c0530de,d4bae9eb15cd3fca680acca1bdace0235facae0daefbb7e539124e97c8dce24f,2026-08-18T03:51:43Z,1.15,1.27,"independent exact peel from scratch at every radius; no certificate"
BTCO,rank-aware,OK,0,1.725,1.66301,1824835,765119,1059716,41.93,NA,NA,476598,20024,ae04d236321b440db4491d279c0530de,d4bae9eb15cd3fca680acca1bdace0235facae0daefbb7e539124e97c8dce24f,2026-08-18T03:52:44Z,1.27,1.27,"split=adaptive-eighths(r*ssplit/8) timer=rank-space-partition-search+budget-forest"
BTCO,counter-only,OK,0,2.240,2.18117,3672390,755732,2916658,20.58,69163042,10679823,476598,16680,ae04d236321b440db4491d279c0530de,d4bae9eb15cd3fca680acca1bdace0235facae0daefbb7e539124e97c8dce24f,2026-08-18T03:52:46Z,1.27,1.25,"split=sqrt-margin(min(r/2,sqrt(r))) timer=raw-flank+direct-rbud CONFOUND:split-rule-also-differs-from-rank-aware"
BTCO,naive-recompute,ERR143,143,1369.827,ERR143,ERR143,ERR143,ERR143,ERR143,ERR143,ERR143,ERR143,NA,ae04d236321b440db4491d279c0530de,d4bae9eb15cd3fca680acca1bdace0235facae0daefbb7e539124e97c8dce24f,2026-08-18T03:52:48Z,1.25,6.94,"independent exact peel from scratch at every radius; no certificate"
CMSG,rank-aware,OK,0,11.664,11.5325,14980059,6689431,8290628,44.66,NA,NA,5065120,97700,ae04d236321b440db4491d279c0530de,d4bae9eb15cd3fca680acca1bdace0235facae0daefbb7e539124e97c8dce24f,2026-08-18T12:16:10Z,8.74,14.49,"split=adaptive-eighths(r*ssplit/8) timer=rank-space-partition-search+budget-forest"
CMSG,counter-only,OK,0,19.349,19.1657,34451187,6639747,27811440,19.27,2096341043,255848053,5065120,91928,ae04d236321b440db4491d279c0530de,d4bae9eb15cd3fca680acca1bdace0235facae0daefbb7e539124e97c8dce24f,2026-08-18T12:16:23Z,14.49,15.06,"split=sqrt-margin(min(r/2,sqrt(r))) timer=raw-flank+direct-rbud CONFOUND:split-rule-also-differs-from-rank-aware"
MATH_sc,rank-aware,OK,0,8.656,8.50983,6749638,2982503,3767135,44.19,NA,NA,2219514,64472,ae04d236321b440db4491d279c0530de,d4bae9eb15cd3fca680acca1bdace0235facae0daefbb7e539124e97c8dce24f,2026-08-18T12:16:42Z,15.06,14.06,"split=adaptive-eighths(r*ssplit/8) timer=rank-space-partition-search+budget-forest"
MATH_sc,counter-only,OK,0,13.802,13.6482,14431137,2927316,11503821,20.28,664344708,50807120,2219514,54788,ae04d236321b440db4491d279c0530de,d4bae9eb15cd3fca680acca1bdace0235facae0daefbb7e539124e97c8dce24f,2026-08-18T12:16:52Z,14.06,13.26,"split=sqrt-margin(min(r/2,sqrt(r))) timer=raw-flank+direct-rbud CONFOUND:split-rule-also-differs-from-rank-aware"
MATH,rank-aware,OK,0,165.058,163.679,124928114,52999791,71928323,42.42,NA,NA,44826489,801228,ae04d236321b440db4491d279c0530de,d4bae9eb15cd3fca680acca1bdace0235facae0daefbb7e539124e97c8dce24f,2026-08-18T12:17:06Z,12.60,20.75,"split=adaptive-eighths(r*ssplit/8) timer=rank-space-partition-search+budget-forest"
MATH,counter-only,OK,0,597.761,595.024,366090822,52611448,313479374,14.37,73878552277,4450799908,44826489,764352,ae04d236321b440db4491d279c0530de,d4bae9eb15cd3fca680acca1bdace0235facae0daefbb7e539124e97c8dce24f,2026-08-18T12:19:55Z,20.75,31.48,"split=sqrt-margin(min(r/2,sqrt(r))) timer=raw-flank+direct-rbud CONFOUND:split-rule-also-differs-from-rank-aware"
AB,rank-aware,OK,0,1167.264,1129.97,455812346,189114256,266698090,41.49,NA,NA,121938144,7737088,ae04d236321b440db4491d279c0530de,d4bae9eb15cd3fca680acca1bdace0235facae0daefbb7e539124e97c8dce24f,2026-08-18T13:23:54Z,5.63,29.34,"split=adaptive-eighths(r*ssplit/8) timer=rank-space-partition-search+budget-forest"
AB,counter-only,OK,0,2231.669,2176.18,1048398181,185606169,862792012,17.70,48411144373,4153898121,121935977,5613872,ae04d236321b440db4491d279c0530de,d4bae9eb15cd3fca680acca1bdace0235facae0daefbb7e539124e97c8dce24f,2026-08-18T13:43:23Z,29.34,34.51,"split=sqrt-margin(min(r/2,sqrt(r))) timer=raw-flank+direct-rbud CONFOUND:split-rule-also-differs-from-rank-aware"
DBLPCA,rank-aware,OK,0,572.252,535.299,250810349,123754455,127055894,49.34,NA,NA,86100309,7248344,ae04d236321b440db4491d279c0530de,d4bae9eb15cd3fca680acca1bdace0235facae0daefbb7e539124e97c8dce24f,2026-08-24T07:20:58Z,33.44,34.33,"split=adaptive-eighths(r*ssplit/8) timer=rank-space-partition-search+budget-forest"
DBLPCA,counter-only,OK,0,563.146,535.426,408262155,120893591,287368564,29.61,20815328020,2116266086,86393240,6106236,ae04d236321b440db4491d279c0530de,d4bae9eb15cd3fca680acca1bdace0235facae0daefbb7e539124e97c8dce24f,2026-08-24T07:30:30Z,34.33,34.75,"split=sqrt-margin(min(r/2,sqrt(r))) timer=raw-flank+direct-rbud CONFOUND:split-rule-also-differs-from-rank-aware"
YT,rank-aware,OK,0,1223.308,1191.18,346109631,171344295,174765336,49.51,NA,NA,140645357,6289984,ae04d236321b440db4491d279c0530de,d4bae9eb15cd3fca680acca1bdace0235facae0daefbb7e539124e97c8dce24f,2026-08-24T07:39:53Z,34.75,22.42,"split=adaptive-eighths(r*ssplit/8) timer=rank-space-partition-search+budget-forest"
YT,counter-only,OK,0,5317.870,5298.51,911718004,169680973,742037031,18.61,807836961703,26484545215,140884899,5138876,ae04d236321b440db4491d279c0530de,d4bae9eb15cd3fca680acca1bdace0235facae0daefbb7e539124e97c8dce24f,2026-08-24T08:00:17Z,22.42,7.02,"split=sqrt-margin(min(r/2,sqrt(r))) timer=raw-flank+direct-rbud CONFOUND:split-rule-also-differs-from-rank-aware"
ENR,rank-aware,OK,0,959.879,954.141,707877119,293240308,414636811,41.43,NA,NA,255000545,4425936,ae04d236321b440db4491d279c0530de,d4bae9eb15cd3fca680acca1bdace0235facae0daefbb7e539124e97c8dce24f,2026-08-24T09:28:55Z,7.02,9.26,"split=adaptive-eighths(r*ssplit/8) timer=rank-space-partition-search+budget-forest"
ENR,counter-only,OK,0,7942.371,7937.22,2618294278,292401685,2325892593,11.17,1641433174411,61037771196,254997700,4318988,ae04d236321b440db4491d279c0530de,d4bae9eb15cd3fca680acca1bdace0235facae0daefbb7e539124e97c8dce24f,2026-08-24T09:44:54Z,9.26,33.26,"split=sqrt-margin(min(r/2,sqrt(r))) timer=raw-flank+direct-rbud CONFOUND:split-rule-also-differs-from-rank-aware"
EPI,rank-aware,OK,0,1074.509,1036.61,556654015,243051130,313602885,43.66,NA,NA,191736783,13534628,ae04d236321b440db4491d279c0530de,d4bae9eb15cd3fca680acca1bdace0235facae0daefbb7e539124e97c8dce24f,2026-08-24T11:57:18Z,33.26,13.98,"split=adaptive-eighths(r*ssplit/8) timer=rank-space-partition-search+budget-forest"
EPI,counter-only,OK,0,4984.986,4962.12,1666424439,240082186,1426342253,14.41,551265792393,22155411951,191600470,12250304,ae04d236321b440db4491d279c0530de,d4bae9eb15cd3fca680acca1bdace0235facae0daefbb7e539124e97c8dce24f,2026-08-24T12:15:12Z,13.98,10.75,"split=sqrt-margin(min(r/2,sqrt(r))) timer=raw-flank+direct-rbud CONFOUND:split-rule-also-differs-from-rank-aware"
HEPPH,rank-aware,OK,0,2458.720,2431.44,1934966988,733350428,1201616560,37.90,NA,NA,628387176,24732852,ae04d236321b440db4491d279c0530de,d4bae9eb15cd3fca680acca1bdace0235facae0daefbb7e539124e97c8dce24f,2026-08-24T13:38:17Z,10.75,13.90,"split=adaptive-eighths(r*ssplit/8) timer=rank-space-partition-search+budget-forest"
HEPPH,counter-only,OK,0,10242.970,10216.5,7484829507,736090536,6748738971,9.83,1675080633004,171535247922,630463589,24300624,ae04d236321b440db4491d279c0530de,d4bae9eb15cd3fca680acca1bdace0235facae0daefbb7e539124e97c8dce24f,2026-08-24T14:19:16Z,13.90,6.75,"split=sqrt-margin(min(r/2,sqrt(r))) timer=raw-flank+direct-rbud CONFOUND:split-rule-also-differs-from-rank-aware"
WT,rank-aware,OK,0,4918.767,4893.73,2992292021,1265045717,1727246304,42.28,NA,NA,1119571735,19021188,ae04d236321b440db4491d279c0530de,d4bae9eb15cd3fca680acca1bdace0235facae0daefbb7e539124e97c8dce24f,2026-08-24T17:09:59Z,6.75,5.24,"split=adaptive-eighths(r*ssplit/8) timer=rank-space-partition-search+budget-forest"
WT,counter-only,TIMEOUT,124,21601.280,TIMEOUT,TIMEOUT,TIMEOUT,TIMEOUT,TIMEOUT,TIMEOUT,TIMEOUT,TIMEOUT,18448380,ae04d236321b440db4491d279c0530de,d4bae9eb15cd3fca680acca1bdace0235facae0daefbb7e539124e97c8dce24f,2026-08-24T18:31:58Z,5.24,3.84,"split=sqrt-margin(min(r/2,sqrt(r))) timer=raw-flank+direct-rbud CONFOUND:split-rule-also-differs-from-rank-aware"
AHO,rank-aware,OK,0,4959.657,4823.96,1262528743,456623804,805904939,36.17,NA,NA,274536554,21259584,ae04d236321b440db4491d279c0530de,d4bae9eb15cd3fca680acca1bdace0235facae0daefbb7e539124e97c8dce24f,2026-08-25T00:31:59Z,3.84,27.31,"split=adaptive-eighths(r*ssplit/8) timer=rank-space-partition-search+budget-forest"
