label,threshold,threshold_over_dmax,radii_at_or_below,pct,machine_id,critradii_sha256,utc,loadavg_start,loadavg_end
ENR,116,0.000001,116,0.0013,ae04d236321b440db4491d279c0530de,474635ae5e436452e00a322767495319beabd371d41c9456517a47596dcb63bc,2026-08-18T04:15:57Z,6.94,5.77
ENR,1164,0.000010,1164,0.0128,ae04d236321b440db4491d279c0530de,474635ae5e436452e00a322767495319beabd371d41c9456517a47596dcb63bc,2026-08-18T04:15:57Z,6.94,5.77
ENR,11643,0.000100,11634,0.1283,ae04d236321b440db4491d279c0530de,474635ae5e436452e00a322767495319beabd371d41c9456517a47596dcb63bc,2026-08-18T04:15:57Z,6.94,5.77
ENR,116438,0.001000,95126,1.0492,ae04d236321b440db4491d279c0530de,474635ae5e436452e00a322767495319beabd371d41c9456517a47596dcb63bc,2026-08-18T04:15:57Z,6.94,5.77
ENR,1164386,0.010000,571756,6.3061,ae04d236321b440db4491d279c0530de,474635ae5e436452e00a322767495319beabd371d41c9456517a47596dcb63bc,2026-08-18T04:15:57Z,6.94,5.77
ENR,3726036,0.032000,1466318,16.1725,ae04d236321b440db4491d279c0530de,474635ae5e436452e00a322767495319beabd371d41c9456517a47596dcb63bc,2026-08-18T04:15:57Z,6.94,5.77
ENR,11643864,0.100000,3491932,38.5136,ae04d236321b440db4491d279c0530de,474635ae5e436452e00a322767495319beabd371d41c9456517a47596dcb63bc,2026-08-18T04:15:57Z,6.94,5.77
ENR,29109660,0.250000,6698459,73.8794,ae04d236321b440db4491d279c0530de,474635ae5e436452e00a322767495319beabd371d41c9456517a47596dcb63bc,2026-08-18T04:15:57Z,6.94,5.77
ENR,58219320,0.500000,8856882,97.6853,ae04d236321b440db4491d279c0530de,474635ae5e436452e00a322767495319beabd371d41c9456517a47596dcb63bc,2026-08-18T04:15:57Z,6.94,5.77
ENR,88842682,0.763000,9062829,99.9567,ae04d236321b440db4491d279c0530de,474635ae5e436452e00a322767495319beabd371d41c9456517a47596dcb63bc,2026-08-18T04:15:57Z,6.94,5.77
ENR,116438640,1.000000,9066752,100.0000,ae04d236321b440db4491d279c0530de,474635ae5e436452e00a322767495319beabd371d41c9456517a47596dcb63bc,2026-08-18T04:15:57Z,6.94,5.77
