label,interval_lo,interval_hi,cost_lo_s,cost_hi_s,distinct_radii,pct_of_total,cum_pct,machine_id,critradii_sha256,utc,loadavg_start,loadavg_end
ENR,1,35880,1.058114,2.046434,33322,0.3675,0.3675,ae04d236321b440db4491d279c0530de,474635ae5e436452e00a322767495319beabd371d41c9456517a47596dcb63bc,2026-08-18T04:15:57Z,6.94,5.77
ENR,35880,60927,2.046434,2.288234,13333,0.1471,0.5146,ae04d236321b440db4491d279c0530de,474635ae5e436452e00a322767495319beabd371d41c9456517a47596dcb63bc,2026-08-18T04:15:57Z,6.94,5.77
ENR,60927,103480,2.288234,3.021714,38497,0.4246,0.9392,ae04d236321b440db4491d279c0530de,474635ae5e436452e00a322767495319beabd371d41c9456517a47596dcb63bc,2026-08-18T04:15:57Z,6.94,5.77
ENR,103480,175720,3.021714,3.635434,44316,0.4888,1.4279,ae04d236321b440db4491d279c0530de,474635ae5e436452e00a322767495319beabd371d41c9456517a47596dcb63bc,2026-08-18T04:15:57Z,6.94,5.77
ENR,175720,298800,3.635434,4.548754,68312,0.7534,2.1814,ae04d236321b440db4491d279c0530de,474635ae5e436452e00a322767495319beabd371d41c9456517a47596dcb63bc,2026-08-18T04:15:57Z,6.94,5.77
ENR,298800,506539,4.548754,6.150374,88043,0.9711,3.1524,ae04d236321b440db4491d279c0530de,474635ae5e436452e00a322767495319beabd371d41c9456517a47596dcb63bc,2026-08-18T04:15:57Z,6.94,5.77
ENR,506539,860400,6.150374,8.957654,171306,1.8894,5.0418,ae04d236321b440db4491d279c0530de,474635ae5e436452e00a322767495319beabd371d41c9456517a47596dcb63bc,2026-08-18T04:15:57Z,6.94,5.77
ENR,860400,1460760,8.957654,13.530894,233207,2.5721,7.6139,ae04d236321b440db4491d279c0530de,474635ae5e436452e00a322767495319beabd371d41c9456517a47596dcb63bc,2026-08-18T04:15:57Z,6.94,5.77
ENR,1460760,2484990,13.530894,20.565094,365907,4.0357,11.6496,ae04d236321b440db4491d279c0530de,474635ae5e436452e00a322767495319beabd371d41c9456517a47596dcb63bc,2026-08-18T04:15:57Z,6.94,5.77
ENR,2484990,4222620,20.565094,30.873294,550087,6.0671,17.7167,ae04d236321b440db4491d279c0530de,474635ae5e436452e00a322767495319beabd371d41c9456517a47596dcb63bc,2026-08-18T04:15:57Z,6.94,5.77
ENR,4222620,7157580,30.873294,49.207394,815421,8.9935,26.7102,ae04d236321b440db4491d279c0530de,474635ae5e436452e00a322767495319beabd371d41c9456517a47596dcb63bc,2026-08-18T04:15:57Z,6.94,5.77
ENR,7157580,12172304,49.207394,73.117394,1183678,13.0551,39.7654,ae04d236321b440db4491d279c0530de,474635ae5e436452e00a322767495319beabd371d41c9456517a47596dcb63bc,2026-08-18T04:15:57Z,6.94,5.77
ENR,12172304,20937660,73.117394,99.492794,1828795,20.1703,59.9357,ae04d236321b440db4491d279c0530de,474635ae5e436452e00a322767495319beabd371d41c9456517a47596dcb63bc,2026-08-18T04:15:57Z,6.94,5.77
ENR,20937660,35081460,99.492794,120.704894,2012410,22.1955,82.1312,ae04d236321b440db4491d279c0530de,474635ae5e436452e00a322767495319beabd371d41c9456517a47596dcb63bc,2026-08-18T04:15:57Z,6.94,5.77
ENR,35081460,85565464,120.704894,124.150894,1613967,17.8009,99.9322,ae04d236321b440db4491d279c0530de,474635ae5e436452e00a322767495319beabd371d41c9456517a47596dcb63bc,2026-08-18T04:15:57Z,6.94,5.77
ENR,85565464,116438640,ABOVE_CEILING,EXCLUDED,6151,0.0678,100.0000,ae04d236321b440db4491d279c0530de,474635ae5e436452e00a322767495319beabd371d41c9456517a47596dcb63bc,2026-08-18T04:15:57Z,6.94,5.77
