# crossradii ENR, 8 log-spaced probes 73663..112092034, 2026-08-24T09:07:59Z, machine=ae04d236321b440db4491d279c0530de, sha=9779d33b0aef66ce
CROSS index=idx/ENR.kcsidx3 edges=1133968 domain=[0,116438640] radii=8
CROSSCSV,pair,delta_a,delta_b,scope,n,tau_b,concordant,discordant,n0
CROSSCSV,1-2,73663,209846,all,1133968,0.772360,455642604866,35209163417,642941145528
CROSSCSV,1-2,73663,209846,c_a_gt_1,734533,0.702380,187243979249,22354180975,269768996778
CROSSCSV,1-3,73663,597761,all,1133968,0.670677,436310776838,61798826520,642941145528
CROSSCSV,1-3,73663,597761,c_a_gt_1,734533,0.595173,178073084145,35742747864,269768996778
CROSSCSV,1-4,73663,1702600,all,1133968,0.591144,420435388600,85258592760,642941145528
CROSSCSV,1-4,73663,1702600,c_a_gt_1,734533,0.501658,169218552418,47961171559,269768996778
CROSSCSV,1-5,73663,4849700,all,1133968,0.527537,405422017397,104239291992,642941145528
CROSSCSV,1-5,73663,4849700,c_a_gt_1,734533,0.425726,161028991083,57672841587,269768996778
CROSSCSV,1-6,73663,13814500,all,1133968,0.474447,391453511169,119838975672,642941145528
CROSSCSV,1-6,73663,13814500,c_a_gt_1,734533,0.364702,153974826897,65294173790,269768996778
CROSSCSV,1-7,73663,39348700,all,1133968,0.428609,378666299672,133076544138,642941145528
CROSSCSV,1-7,73663,39348700,c_a_gt_1,734533,0.314750,147919854942,71371544606,269768996778
CROSSCSV,1-8,73663,112092034,all,1133968,0.416698,375301767921,136511793748,642941145528
CROSSCSV,1-8,73663,112092034,c_a_gt_1,734533,0.303343,146552549088,72772376751,269768996778
CROSSCSV,2-3,209846,597761,all,1133968,0.818282,522424240762,37961405786,642941145528
CROSSCSV,2-3,209846,597761,c_a_gt_1,887168,0.774800,315814898760,31184314009,393533086528
CROSSCSV,2-4,209846,1702600,all,1133968,0.716249,499348762823,68772314344,642941145528
CROSSCSV,2-4,209846,1702600,c_a_gt_1,887168,0.654065,298132654183,54766906162,393533086528
CROSSCSV,2-5,209846,4849700,all,1133968,0.635636,478735079850,93974459805,642941145528
CROSSCSV,2-5,209846,4849700,c_a_gt_1,887168,0.562118,283008395104,72783852370,393533086528
CROSSCSV,2-6,209846,13814500,all,1133968,0.568322,459797766109,114841101599,642941145528
CROSSCSV,2-6,209846,13814500,c_a_gt_1,887168,0.485637,269423942713,87468532636,393533086528
CROSSCSV,2-7,209846,39348700,all,1133968,0.509890,442484709606,132721005780,642941145528
CROSSCSV,2-7,209846,39348700,c_a_gt_1,887168,0.421443,257517172514,99555553890,393533086528
CROSSCSV,2-8,209846,112092034,all,1133968,0.495203,438081567984,137208573651,642941145528
CROSSCSV,2-8,209846,112092034,c_a_gt_1,887168,0.406324,254714532291,102407979623,393533086528
CROSSCSV,3-4,597761,1702600,all,1133968,0.833399,555943171787,42001606241,642941145528
CROSSCSV,3-4,597761,1702600,c_a_gt_1,979670,0.802008,410211486719,38755298727,479876164615
CROSSCSV,3-5,597761,4849700,all,1133968,0.727090,526998150594,75511344763,642941145528
CROSSCSV,3-5,597761,4849700,c_a_gt_1,979670,0.681004,385036129556,67787649478,479876164615
CROSSCSV,3-6,597761,13814500,all,1133968,0.643631,502675078297,101917107869,642941145528
CROSSCSV,3-6,597761,13814500,c_a_gt_1,979670,0.586613,364118403588,90272731901,479876164615
CROSSCSV,3-7,597761,39348700,all,1133968,0.573290,481256332901,123980999710,642941145528
CROSSCSV,3-7,597761,39348700,c_a_gt_1,979670,0.508283,346075346948,108674985667,479876164615
CROSSCSV,3-8,597761,112092034,all,1133968,0.556052,475950153492,129380749191,642941145528
CROSSCSV,3-8,597761,112092034,c_a_gt_1,979670,0.489875,341817610055,112996810906,479876164615
CROSSCSV,4-5,1702600,4849700,all,1133968,0.837127,574539627969,46730782724,642941145528
CROSSCSV,4-5,1702600,4849700,c_a_gt_1,1039591,0.815471,478705476118,45201152790,540374203845
CROSSCSV,4-6,1702600,13814500,all,1133968,0.730870,542687735794,80611274360,642941145528
CROSSCSV,4-6,1702600,13814500,c_a_gt_1,1039591,0.697063,448617912459,77190612033,540374203845
CROSSCSV,4-7,1702600,39348700,all,1133968,0.647496,516854513009,107127500973,642941145528
CROSSCSV,4-7,1702600,39348700,c_a_gt_1,1039591,0.605152,424500026731,101841013030,540374203845
CROSSCSV,4-8,1702600,112092034,all,1133968,0.627839,510706509778,113375735106,642941145528
CROSSCSV,4-8,1702600,112092034,c_a_gt_1,1039591,0.583988,418911979039,107510244884,540374203845
CROSSCSV,5-6,4849700,13814500,all,1133968,0.837137,582534515954,49609197951,642941145528
CROSSCSV,5-6,4849700,13814500,c_a_gt_1,1070708,0.821110,515798414658,48910743781,573207275278
CROSSCSV,5-7,4849700,39348700,all,1133968,0.732970,549889567738,82865321497,642941145528
CROSSCSV,5-7,4849700,39348700,c_a_gt_1,1070708,0.707851,484038738291,81253365736,573207275278
CROSSCSV,5-8,4849700,112092034,all,1133968,0.709832,542592188651,90262501877,642941145528
CROSSCSV,5-8,4849700,112092034,c_a_gt_1,1070708,0.682950,477017162588,88365090183,573207275278
CROSSCSV,6-7,13814500,39348700,all,1133968,0.842314,587345249373,49179793491,642941145528
CROSSCSV,6-7,13814500,39348700,c_a_gt_1,1086244,0.829679,535898539833,48881899923,589962470646
CROSSCSV,6-8,13814500,112092034,all,1133968,0.814103,578400048924,58203782730,642941145528
CROSSCSV,6-8,13814500,112092034,c_a_gt_1,1086244,0.799396,527073198894,57785601498,589962470646
CROSSCSV,7-8,39348700,112092034,all,1133968,0.960212,626272346265,12173133539,642941145528
CROSSCSV,7-8,39348700,112092034,c_a_gt_1,1091972,0.957221,580440302510,12154829270,596200878406
REACHCSV,level,edges_reaching,pct,onset_min,onset_p25,onset_median,onset_p75,onset_max
REACHCSV,5,1034936,91.2668,4,77841,233913,777840,87709293
REACHCSV,10,981234,86.5310,112,246780,637920,1910100,88913473
REACHCSV,20,913502,80.5580,502,673640,1512120,3884831,90836126
ROBUSTCSV,edges,identical_at_all_radii,pct_identical,robust_coreness_ge2,pct_robust_ge2,mean_min,mean_max
ROBUSTCSV,1133968,49311,4.3485,734533,64.7755,3.2510,234.6310
# --- query integral / reach, same index ---
index edges = 1133968 integral domain=[0,116438640]
   integral (n=1133968): min=116438640 p1=116438640 p10=629439120 p25=3385642557 median=14909688150 p75=34547452842 p90=55158428695 p99=122913616278 max=152810916624 mean=23251111809.5
   average-coreness(floor) (n=1133968): min=1 p1=1 p10=5 p25=29 median=128 p75=296 p90=473 p99=1055 max=1312 mean=199.2
index edges = 1133968 domain=[0,116438640]
k=5 ever=1034936 at_floor=0 after_floor=1034936 onset_min=4 onset_median=233913
k=10 ever=981234 at_floor=0 after_floor=981234 onset_min=112 onset_median=637920
k=20 ever=913502 at_floor=0 after_floor=913502 onset_min=502 onset_median=1512120
