label,delta,delta_over_dcorestar,r,edgecd_status,edgecd_decomp_s,edgecd_copy_const_s,edgecd_copy_const_status,edgecd_decomp_minus_copy_s,edgecd_total_wall_s,edgecd_peak_rss_kb,ours_status,ours_query_wall_s,speedup_as_published,speedup_copy_subtracted,machine_id,tgkd_sha256,kcs_bin_sha256,utc_start,loadavg_start,loadavg_end
AB,86400,0.00015,0.0000,OK,41.6992,5.615884,OK,36.083316,171.394,8723816,OK,26.829,1.55,1.34,ae04d236321b440db4491d279c0530de,29b1f3dbbb6957abaf35665f6c47dcb0a59ba86538f6267ff3e77b92940f7ed1,d4bae9eb15cd3fca680acca1bdace0235facae0daefbb7e539124e97c8dce24f,2026-08-24T20:10:15Z,5.23,5.30
AB,1641600,0.00287,0.4936,OK,73.4356,5.615884,OK,67.819716,189.230,8724080,OK,3.177,23.11,21.35,ae04d236321b440db4491d279c0530de,29b1f3dbbb6957abaf35665f6c47dcb0a59ba86538f6267ff3e77b92940f7ed1,d4bae9eb15cd3fca680acca1bdace0235facae0daefbb7e539124e97c8dce24f,2026-08-24T20:13:33Z,5.30,5.62
AB,3801600,0.00664,0.6253,OK,115.715,5.615884,OK,110.099116,231.703,8724208,OK,3.156,36.67,34.89,ae04d236321b440db4491d279c0530de,29b1f3dbbb6957abaf35665f6c47dcb0a59ba86538f6267ff3e77b92940f7ed1,d4bae9eb15cd3fca680acca1bdace0235facae0daefbb7e539124e97c8dce24f,2026-08-24T20:16:46Z,5.62,5.25
AB,8553600,0.01494,0.7400,OK,205.5,5.615884,OK,199.884116,329.974,8724208,OK,3.199,64.24,62.48,ae04d236321b440db4491d279c0530de,29b1f3dbbb6957abaf35665f6c47dcb0a59ba86538f6267ff3e77b92940f7ed1,d4bae9eb15cd3fca680acca1bdace0235facae0daefbb7e539124e97c8dce24f,2026-08-24T20:20:41Z,5.25,5.45
AB,19353600,0.03380,0.8403,OK,343.853,5.615884,OK,338.237116,466.821,8724224,OK,3.238,106.19,104.46,ae04d236321b440db4491d279c0530de,29b1f3dbbb6957abaf35665f6c47dcb0a59ba86538f6267ff3e77b92940f7ed1,d4bae9eb15cd3fca680acca1bdace0235facae0daefbb7e539124e97c8dce24f,2026-08-24T20:26:14Z,5.45,5.68
AB,43891200,0.07664,0.9189,OK,488.47,5.615884,OK,482.854116,599.753,8724144,OK,3.217,151.84,150.09,ae04d236321b440db4491d279c0530de,29b1f3dbbb6957abaf35665f6c47dcb0a59ba86538f6267ff3e77b92940f7ed1,d4bae9eb15cd3fca680acca1bdace0235facae0daefbb7e539124e97c8dce24f,2026-08-24T20:34:04Z,5.68,5.86
AB,99878400,0.17441,0.9669,OK,641.095,5.615884,OK,635.479116,753.976,8724232,OK,3.225,198.79,197.05,ae04d236321b440db4491d279c0530de,29b1f3dbbb6957abaf35665f6c47dcb0a59ba86538f6267ff3e77b92940f7ed1,d4bae9eb15cd3fca680acca1bdace0235facae0daefbb7e539124e97c8dce24f,2026-08-24T20:44:07Z,5.86,5.77
AB,227491200,0.39725,0.9932,OK,838.025,5.615884,OK,832.409116,953.189,8724420,OK,3.122,268.43,266.63,ae04d236321b440db4491d279c0530de,29b1f3dbbb6957abaf35665f6c47dcb0a59ba86538f6267ff3e77b92940f7ed1,d4bae9eb15cd3fca680acca1bdace0235facae0daefbb7e539124e97c8dce24f,2026-08-24T20:56:45Z,5.77,5.63
AB,454550400,0.79375,0.9999,OK,837.244,5.615884,OK,831.628116,950.841,8724412,OK,3.146,266.13,264.34,ae04d236321b440db4491d279c0530de,29b1f3dbbb6957abaf35665f6c47dcb0a59ba86538f6267ff3e77b92940f7ed1,d4bae9eb15cd3fca680acca1bdace0235facae0daefbb7e539124e97c8dce24f,2026-08-24T21:12:41Z,5.63,7.09
