label,mode,grid_radii_requested,grid_radii_distinct,samples,mismatches,error_rate_pct,mean_abs_err,max_abs_err,machine_id,gridtool_sha256,utc,loadavg_start,loadavg_end
ENR,uu,5,5,22679200,11662593,51.4242,35.228820,1297,ae04d236321b440db4491d279c0530de,4d8ec49433d60a4866942ad27a3a5126d24f5a4b9479e040eda11dbf612f7567,2026-08-18T12:15:45Z,13.91,6.90
ENR,uu,10,10,22679200,9541375,42.0710,15.380519,944,ae04d236321b440db4491d279c0530de,4d8ec49433d60a4866942ad27a3a5126d24f5a4b9479e040eda11dbf612f7567,2026-08-18T12:15:45Z,13.91,6.90
ENR,uu,100,100,22679200,5077923,22.3902,1.294584,675,ae04d236321b440db4491d279c0530de,4d8ec49433d60a4866942ad27a3a5126d24f5a4b9479e040eda11dbf612f7567,2026-08-18T12:15:45Z,13.91,6.90
ENR,uu,1000,1000,22679200,1604957,7.0768,0.123187,276,ae04d236321b440db4491d279c0530de,4d8ec49433d60a4866942ad27a3a5126d24f5a4b9479e040eda11dbf612f7567,2026-08-18T12:15:45Z,13.91,6.90
ENR,ul,5,5,22679200,9525837,42.0025,14.178802,1237,ae04d236321b440db4491d279c0530de,4d8ec49433d60a4866942ad27a3a5126d24f5a4b9479e040eda11dbf612f7567,2026-08-18T12:15:51Z,6.90,6.45
ENR,ul,10,10,22679200,9312305,41.0610,9.856088,944,ae04d236321b440db4491d279c0530de,4d8ec49433d60a4866942ad27a3a5126d24f5a4b9479e040eda11dbf612f7567,2026-08-18T12:15:51Z,6.90,6.45
ENR,ul,100,100,22679200,7943395,35.0250,2.222382,676,ae04d236321b440db4491d279c0530de,4d8ec49433d60a4866942ad27a3a5126d24f5a4b9479e040eda11dbf612f7567,2026-08-18T12:15:51Z,6.90,6.45
ENR,ul,1000,1000,22679200,5007212,22.0784,0.530738,288,ae04d236321b440db4491d279c0530de,4d8ec49433d60a4866942ad27a3a5126d24f5a4b9479e040eda11dbf612f7567,2026-08-18T12:15:51Z,6.90,6.45
ENR,lu,5,5,22679200,21214774,93.5429,182.050978,1498,ae04d236321b440db4491d279c0530de,4d8ec49433d60a4866942ad27a3a5126d24f5a4b9479e040eda11dbf612f7567,2026-08-18T12:15:58Z,6.45,6.34
ENR,lu,10,10,22679200,18886927,83.2786,88.649597,1478,ae04d236321b440db4491d279c0530de,4d8ec49433d60a4866942ad27a3a5126d24f5a4b9479e040eda11dbf612f7567,2026-08-18T12:15:58Z,6.45,6.34
ENR,lu,100,96,22679200,7787268,34.3366,3.523457,675,ae04d236321b440db4491d279c0530de,4d8ec49433d60a4866942ad27a3a5126d24f5a4b9479e040eda11dbf612f7567,2026-08-18T12:15:58Z,6.45,6.34
ENR,lu,1000,839,22679200,2983337,13.1545,0.312970,276,ae04d236321b440db4491d279c0530de,4d8ec49433d60a4866942ad27a3a5126d24f5a4b9479e040eda11dbf612f7567,2026-08-18T12:15:58Z,6.45,6.34
ENR,ll,5,5,22679200,9070578,39.9951,23.490358,1498,ae04d236321b440db4491d279c0530de,4d8ec49433d60a4866942ad27a3a5126d24f5a4b9479e040eda11dbf612f7567,2026-08-18T12:16:09Z,6.34,8.74
ENR,ll,10,10,22679200,7960882,35.1021,12.475264,1478,ae04d236321b440db4491d279c0530de,4d8ec49433d60a4866942ad27a3a5126d24f5a4b9479e040eda11dbf612f7567,2026-08-18T12:16:09Z,6.34,8.74
ENR,ll,100,96,22679200,3971420,17.5113,1.173655,676,ae04d236321b440db4491d279c0530de,4d8ec49433d60a4866942ad27a3a5126d24f5a4b9479e040eda11dbf612f7567,2026-08-18T12:16:09Z,6.34,8.74
ENR,ll,1000,839,22679200,1261000,5.5602,0.116297,204,ae04d236321b440db4491d279c0530de,4d8ec49433d60a4866942ad27a3a5126d24f5a4b9479e040eda11dbf612f7567,2026-08-18T12:16:09Z,6.34,8.74
