label,status,rc,m,B,kappa_max,C0,parse_s,adj_s,merge_s,total_s,ck_cand_s,ck_sort_s,ck_kruskal_s,ck_dfs_s,ck_heavy_s,ck_map_s,ck_write_s,rss_after_parse_kb,rss_after_adj_kb,rss_peak_internal_kb,hidx_bytes,leaves,nodes,cand,cursor_adv,max_nk,max_cand,bytes_per_leaf,wall,rss_peak_time_kb,verify,loadavg,utc,machine_id,sha
BTCA,OK,0,16863,157675,25,179650,0.0375,0.0004,0.0430,0.0813,0.0115,0.0148,0.0049,0.0035,0.0025,0.0002,0.0032,8764,8764,11524,7326952,179650,179620,447650,142094,16863,40250,40.785,0:03.26,21032,ALL EXACT,3.93,2026-08-21T16:48:49Z,ae04d236321b440db4491d279c0530de,7d70ac870c55f216cacd0ecf293dcf891a5414ff3ef32905d76ac94c27d98d33
ASTOPO,OK,0,154841,4982593,147,6399436,0.3808,0.0046,1.7058,2.0933,0.4288,0.6518,0.1527,0.1152,0.0783,0.0062,0.1279,114488,114488,158632,266789596,6399436,6399289,17376879,4856727,154841,357547,41.690,0:17.76,429516,ALL EXACT,3.93,2026-08-21T16:49:07Z,ae04d236321b440db4491d279c0530de,7d70ac870c55f216cacd0ecf293dcf891a5414ff3ef32905d76ac94c27d98d33
BTCA,OK,0,16863,157675,25,179650,0.0101,0.0004,0.0441,0.0547,0.0118,0.0151,0.0052,0.0036,0.0025,0.0002,0.0034,8904,8904,12396,7326952,179650,179620,447650,142094,16863,40250,40.785,0:03.25,21868,ALL EXACT,4.08,2026-08-21T16:56:33Z,ae04d236321b440db4491d279c0530de,767b1de78b3900ac367b16b1855abcb85232e0353396735ccd8fb8f5b11f79f7
ASTOPO,OK,0,154841,4982593,147,6399436,0.1709,0.0046,1.7413,1.9185,0.4387,0.6540,0.1701,0.1188,0.0808,0.0062,0.1282,114496,114496,166356,266789596,6399436,6399289,17376879,4856727,154841,357547,41.690,0:17.58,436592,ALL EXACT,4.07,2026-08-21T16:56:50Z,ae04d236321b440db4491d279c0530de,767b1de78b3900ac367b16b1855abcb85232e0353396735ccd8fb8f5b11f79f7
AMZELEC,OK,0,7824482,15477914,15,23952451,3.2853,0.4089,11.7053,19.3899,3.5359,3.5777,1.6222,1.0727,0.6740,0.0537,0.4819,604444,702320,2478660,957200332,23952451,23887920,51992463,10783242,7824482,11278443,39.963,13:56.49,3942296,ALL EXACT,4.06,2026-08-21T17:10:47Z,ae04d236321b440db4491d279c0530de,767b1de78b3900ac367b16b1855abcb85232e0353396735ccd8fb8f5b11f79f7
AMZRAT,OK,0,5776674,19699424,28,25645610,3.4301,0.2893,11.8534,15.6441,3.7564,3.4181,1.6805,1.0609,0.6006,0.0506,0.5135,606332,678044,2025060,1022938012,25645610,25445627,61159781,16072747,5776674,8929726,39.887,7:27.09,3396404,ALL EXACT,4.14,2026-08-21T17:18:14Z,ae04d236321b440db4491d279c0530de,767b1de78b3900ac367b16b1855abcb85232e0353396735ccd8fb8f5b11f79f7
SUPERUSER,OK,0,1108715,34660626,241,35770033,3.0930,0.0283,14.2112,17.3460,3.9366,4.7263,1.7504,1.1452,0.5712,0.0487,0.8239,822400,822400,1261548,1506700872,35770033,35767777,95353838,33608799,1108715,3037838,42.122,1:03.16,2798988,ALL EXACT,4.20,2026-08-21T17:19:17Z,ae04d236321b440db4491d279c0530de,767b1de78b3900ac367b16b1855abcb85232e0353396735ccd8fb8f5b11f79f7
GOWALLA,OK,0,6442291,109107996,523,115552059,13.0088,0.2777,61.0896,74.4615,16.4432,20.6944,8.6262,5.6267,2.5254,0.1840,2.4840,2563496,2624656,4735660,4858046796,115552059,115508922,298167918,103172882,6442291,17065897,42.042,2:14.28,9864932,ALL EXACT,4.10,2026-08-21T17:21:32Z,ae04d236321b440db4491d279c0530de,767b1de78b3900ac367b16b1855abcb85232e0353396735ccd8fb8f5b11f79f7
DIGG,OK,0,1726173,121351800,209,123159090,9.9371,0.0493,48.6661,58.6737,12.4317,17.5054,6.1375,4.1115,1.8438,0.1798,2.6746,2650672,2650672,3299288,5111876080,123159090,123151202,347350385,119774037,1726173,5024605,41.506,3:56.68,8445652,ALL EXACT,4.17,2026-08-21T17:25:29Z,ae04d236321b440db4491d279c0530de,767b1de78b3900ac367b16b1855abcb85232e0353396735ccd8fb8f5b11f79f7
AB,TIMEOUT,124,,29:48.74,15023380,,4.11,2026-08-21T17:55:18Z,ae04d236321b440db4491d279c0530de,767b1de78b3900ac367b16b1855abcb85232e0353396735ccd8fb8f5b11f79f7
PROSPER,OK,0,3343278,165302704,113,211904046,13.6816,0.1192,81.8896,95.7279,18.1924,31.7509,11.6537,6.2020,3.2185,0.3468,4.6287,3364896,3391208,4418104,8477610616,211904046,211903884,576929151,161965543,3343278,8930037,40.007,18:09.54,13075960,ALL EXACT,4.10,2026-08-21T18:13:29Z,ae04d236321b440db4491d279c0530de,767b1de78b3900ac367b16b1855abcb85232e0353396735ccd8fb8f5b11f79f7
YT,OK,0,12223774,129717613,123,216638111,15.7222,0.5536,98.3145,127.9089,24.4086,37.9348,13.7222,7.2437,3.5069,0.3639,4.6451,2971696,3105112,6128908,8665719008,216638111,216635069,557597379,119134744,12223774,23442745,40.001,13:09.11,15407744,ALL EXACT,4.16,2026-08-21T18:26:39Z,ae04d236321b440db4491d279c0530de,767b1de78b3900ac367b16b1855abcb85232e0353396735ccd8fb8f5b11f79f7
DBLPCA,OK,0,11859561,65946621,562,264757513,13.8926,0.5158,99.0778,113.6380,24.8718,37.8526,12.6138,7.5864,4.6214,0.4290,5.8107,1718732,1839760,4717264,10588336224,264757513,264653525,583614435,57438684,11859561,22255799,39.993,6:21.51,15270436,ALL EXACT,4.14,2026-08-21T18:33:01Z,ae04d236321b440db4491d279c0530de,767b1de78b3900ac367b16b1855abcb85232e0353396735ccd8fb8f5b11f79f7
ENR,OK,0,1133968,250563297,1500,266064075,22.5674,0.0362,92.2809,117.9812,22.7409,30.0829,11.7211,7.5290,3.8526,0.3739,6.0512,5094420,5094420,5480896,10915069672,266064075,266059485,739575720,249470907,1133968,3214291,41.024,2:52.64,16197608,ALL EXACT,4.07,2026-08-21T18:35:55Z,ae04d236321b440db4491d279c0530de,767b1de78b3900ac367b16b1855abcb85232e0353396735ccd8fb8f5b11f79f7
ACL,TIMEOUT,124,,38:41.61,37147676,,4.42,2026-08-21T19:14:38Z,ae04d236321b440db4491d279c0530de,767b1de78b3900ac367b16b1855abcb85232e0353396735ccd8fb8f5b11f79f7
WIKICONF,OK,0,2917774,302743542,562,310513468,22.8370,0.0931,108.7567,131.7191,26.4787,39.1427,13.1919,9.0772,4.5899,0.4907,6.5764,6225776,6248656,7189868,12671402476,310513468,310511035,848072330,299850065,2917774,7778246,40.808,5:10.97,19762532,ALL EXACT,4.21,2026-08-21T19:19:50Z,ae04d236321b440db4491d279c0530de,767b1de78b3900ac367b16b1855abcb85232e0353396735ccd8fb8f5b11f79f7
AHO,TIMEOUT,124,,42:45.68,41723500,,4.16,2026-08-21T20:02:37Z,ae04d236321b440db4491d279c0530de,767b1de78b3900ac367b16b1855abcb85232e0353396735ccd8fb8f5b11f79f7
EPI,OK,0,13668320,152077588,151,662349794,14.5782,0.5109,246.8977,275.8331,54.1133,104.2891,30.5612,18.7785,10.4038,1.1230,13.9391,3481128,3588020,7019576,26495163804,662349794,662349303,1497598891,142955943,13668320,27661695,40.002,46:52.94,33741664,ALL EXACT,4.04,2026-08-21T20:49:31Z,ae04d236321b440db4491d279c0530de,767b1de78b3900ac367b16b1855abcb85232e0353396735ccd8fb8f5b11f79f7
HEPTH,OK,0,2673133,38353833,561,706417584,3.4665,0.0784,186.7561,190.3320,37.3830,82.9565,17.1651,13.9276,10.2945,1.0886,15.1360,857280,878312,1567400,28258806496,706417584,706416922,1484374297,36290337,2673133,5323358,40.003,13:01.69,29380028,ALL EXACT,4.05,2026-08-21T21:02:35Z,ae04d236321b440db4491d279c0530de,767b1de78b3900ac367b16b1855abcb85232e0353396735ccd8fb8f5b11f79f7
WT,OK,0,6092321,1119571641,1582,1125678064,106.2656,0.2771,500.0544,606.6790,142.1567,157.9264,67.3310,41.9855,17.6874,1.7530,25.3636,22827412,22892148,24907868,46180496656,1125678064,1125673734,2872582315,1114033629,6092321,16979643,41.025,13:23.44,69295080,ALL EXACT,4.02,2026-08-21T21:16:01Z,ae04d236321b440db4491d279c0530de,767b1de78b3900ac367b16b1855abcb85232e0353396735ccd8fb8f5b11f79f7
BRIGHTKITE,OK,0,4702731,1469822803,2100,1474534371,152.0285,0.1771,485.3968,637.6587,116.9804,126.8018,61.7044,50.0669,27.3375,2.2425,33.9625,29474216,29524024,30959256,60471905032,1474534371,1474148737,3221206137,1465563619,4702731,12753812,41.011,12:48.26,87516868,ALL EXACT,4.13,2026-08-21T21:28:54Z,ae04d236321b440db4491d279c0530de,767b1de78b3900ac367b16b1855abcb85232e0353396735ccd8fb8f5b11f79f7
HEPPH,OK,0,4596803,454426926,693,1514695094,60.9033,0.1608,508.0547,569.1772,112.6748,206.4618,53.2192,35.8923,22.8517,2.4456,32.6129,9041252,9077272,10279040,60608177948,1514695094,1514694375,3785581254,450082214,4596803,9916180,40.013,23:18.10,68765396,ALL EXACT,4.35,2026-08-21T21:52:18Z,ae04d236321b440db4491d279c0530de,767b1de78b3900ac367b16b1855abcb85232e0353396735ccd8fb8f5b11f79f7
FL,OK,0,24697443,1127178653,642,4944302482,257.3607,1.0713,2074.6213,2333.3661,472.5437,841.4203,259.4722,146.0745,77.8465,8.3065,124.8314,22958388,23151608,29277220,197772648760,4944302482,4944265984,11884829820,1104787125,24697443,49620741,40.000,2:44:17,194374888,ALL EXACT,12.55,2026-08-22T00:36:42Z,ae04d236321b440db4491d279c0530de,767b1de78b3900ac367b16b1855abcb85232e0353396735ccd8fb8f5b11f79f7
ACL,OK,0,65179586,215338911,15,280520976,50.9322,5.5953,230.6399,287.9991,55.4845,88.0678,37.4110,22.5234,10.1445,0.6049,6.2888,7699972,8209320,25609912,12038255064,280520976,279961056,670839592,165454721,65179586,126934166,42.914,1:42:19,41962320,ALL EXACT,,2026-08-22T03:11:01Z,ae04d236321b440db4491d279c0530de,767b1de78b3900ac367b16b1855abcb85232e0353396735ccd8fb8f5b11f79f7
AHO,OK,0,66623880,274536550,18,341164076,140.6195,5.5994,281.1736,428.2606,68.7204,108.0447,45.4855,26.6908,11.5366,0.7477,7.8639,8961436,9482200,27781156,14608837868,341164076,340940393,845603014,221128059,66623880,139656999,42.821,1:57:52,46673176,ALL EXACT,,2026-08-22T05:08:54Z,ae04d236321b440db4491d279c0530de,767b1de78b3900ac367b16b1855abcb85232e0353396735ccd8fb8f5b11f79f7
AB,OK,0,22507155,121875845,46,147127892,21.5460,1.4893,89.2166,112.5695,26.9008,27.4146,14.8423,7.3365,3.5925,0.3086,3.3949,3322744,3498652,8940132,5883698144,147127892,146982706,375012048,105570484,22507155,41306700,39.990,30:07.44,16172096,ALL EXACT,,2026-08-24T11:39:42Z,ae04d236321b440db4491d279c0530de,767b1de78b3900ac367b16b1855abcb85232e0353396735ccd8fb8f5b11f79f7
