label,status,rc,m,B,kappa_max,C0,parse_s,adj_s,merge_s,total_s,ck_cand_s,ck_sort_s,ck_kruskal_s,ck_dfs_s,ck_heavy_s,ck_map_s,ck_write_s,rss_after_parse_kb,rss_after_adj_kb,rss_peak_internal_kb,rss_peak_time_kb,hidx_bytes,leaves,nodes,cand,cursor_adv,max_nk,max_cand,bytes_per_leaf,wall_s,bitexact,land_merges,rss_peak_time_kb2,bitexact2,land_merges2,loadavg,utc,machine_id,sha
AB,OK,0,22507155,121875845,46,147127892,11.5507,1.4831,262.0812,275.4426,22.4350,101.6817,85.6137,22.7025,5.4324,12.2564,3.4841,2167248,2424084,7806264,5883698144,147127892,146982706,509319851,105570484,22507155,69315840,39.990,4:35.82,8065964,IDENTICAL,146982706,2026-08-21T12:46:49Z,ae04d236321b440db4491d279c0530de,d545f9d1a80eec1a2b67b2ed99b703347844b4ae0d32b3782ec211fb10a82bee
YT,OK,0,12223774,129717613,123,216638111,8.5420,0.6001,302.6642,311.9633,23.3895,132.2692,90.5660,21.9689,5.5340,16.3006,4.7154,1904940,2038592,5089132,8665719008,216638111,216635069,814673777,119134744,12223774,42447918,40.001,5:12.19,5270484,IDENTICAL,216635069,2026-08-21T12:52:43Z,ae04d236321b440db4491d279c0530de,d545f9d1a80eec1a2b67b2ed99b703347844b4ae0d32b3782ec211fb10a82bee
AB,OK,0,22507155,121875845,46,147127892,8.9544,1.4691,202.6380,223.6432,27.2605,57.2594,81.8710,22.8212,3.5313,0.2839,4.6525,2167164,2424060,7611888,5883698144,147127892,146982706,509319851,105570484,22507155,69315840,39.990,3:43.99,7619860,IDENTICAL,146982706,16.67,2026-08-21T13:13:51Z,ae04d236321b440db4491d279c0530de,5ec074e491fc7f1ebe0dfdd475098e7a96d4c89d46458e4023798fdc456573db
YT,OK,0,12223774,129717613,123,216638111,7.0265,0.6337,272.2322,292.0439,27.3800,92.1031,110.8010,23.1685,4.1185,0.4302,5.8136,1905136,2038660,4953608,8665719008,216638111,216635069,814673777,119134744,12223774,42447918,40.001,4:52.35,4953608,IDENTICAL,216635069,28.96,2026-08-21T13:19:02Z,ae04d236321b440db4491d279c0530de,5ec074e491fc7f1ebe0dfdd475098e7a96d4c89d46458e4023798fdc456573db
ACL,OK,0,65179586,215338911,15,280520976,19.7423,5.7921,527.4498,560.2292,69.4575,113.3897,230.1136,78.9676,12.1940,0.9344,6.8483,4579872,5321920,21951748,12038255064,280520976,279961056,919799576,165454721,65179586,201177832,42.914,9:21.46,22034644,IDENTICAL,279961056,15.59,2026-08-21T13:32:33Z,ae04d236321b440db4491d279c0530de,5ec074e491fc7f1ebe0dfdd475098e7a96d4c89d46458e4023798fdc456573db
AHO,OK,0,66623880,274536550,18,341164076,28.1436,5.9784,642.5699,677.5650,77.4040,141.8207,296.2943,87.3130,12.1935,0.7062,10.3398,5302260,6033756,23240108,14608837868,341164076,340940393,1145324194,221128059,66623880,212554988,42.821,11:18.92,23310108,IDENTICAL,340940393,31.64,2026-08-21T13:52:35Z,ae04d236321b440db4491d279c0530de,5ec074e491fc7f1ebe0dfdd475098e7a96d4c89d46458e4023798fdc456573db
ENR,OK,0,1133968,250563297,1500,266064075,14.0394,0.0413,216.0224,230.1182,22.8938,59.0061,89.3124,20.9118,3.9900,0.3913,5.9774,2996832,2997476,3311432,10915069672,266064075,266059485,1027325440,249470907,1133968,4362260,41.024,3:50.31,3311432,IDENTICAL,266059485,9.25,2026-08-21T13:58:03Z,ae04d236321b440db4491d279c0530de,5ec074e491fc7f1ebe0dfdd475098e7a96d4c89d46458e4023798fdc456573db
EPI,OK,0,13668320,152077588,151,662349794,42.3114,0.5451,784.7098,827.7346,60.1755,302.6460,318.2877,56.9230,11.6071,1.2473,18.1866,2212428,2336364,5736460,26495163804,662349794,662349303,2580242228,142955943,13668320,52920776,40.002,13:48.04,5736460,IDENTICAL,662349303,8.95,2026-08-21T14:14:10Z,ae04d236321b440db4491d279c0530de,5ec074e491fc7f1ebe0dfdd475098e7a96d4c89d46458e4023798fdc456573db
AB,OK,0,22507155,121875845,46,147127892,8.7302,1.4481,118.9659,217.4623,24.4403,23.1732,52.6454,6.7513,3.4660,0.2867,3.0639,2167252,2424148,7173444,5883698144,147127892,146982706,375012048,105570484,22507155,41306700,39.990,3:37.87,7415356,IDENTICAL,146982706,15.40,2026-08-21T15:04:06Z,ae04d236321b440db4491d279c0530de,18d1b06a66cadfcd98141682a95e4fd311492d85c8c3c761c0a30fbd52144740
YT,OK,0,12223774,129717613,123,216638111,15.1162,0.6192,154.5574,197.5174,26.7368,34.9062,66.0818,7.6648,3.7932,0.4075,6.1299,1904928,2038512,4646088,8665719008,216638111,216635069,557597379,119134744,12223774,23442745,40.001,3:17.85,4782588,IDENTICAL,216635069,17.80,2026-08-21T15:07:43Z,ae04d236321b440db4491d279c0530de,18d1b06a66cadfcd98141682a95e4fd311492d85c8c3c761c0a30fbd52144740
ACL,OK,0,65179586,215338911,15,280520976,130.1660,5.7144,340.2109,552.3555,57.7253,79.2891,151.0368,22.6208,10.5135,0.5839,7.8879,4579876,5321864,20850216,12038255064,280520976,279961056,670839592,165454721,65179586,126934166,42.914,9:13.16,21515540,IDENTICAL,279961056,24.45,2026-08-21T15:20:09Z,ae04d236321b440db4491d279c0530de,18d1b06a66cadfcd98141682a95e4fd311492d85c8c3c761c0a30fbd52144740
AHO,OK,0,66623880,274536550,18,341164076,24.5238,5.9575,397.5900,436.5049,73.3141,100.4575,162.3143,27.9849,11.9807,0.6952,7.8403,5302144,6033832,22247036,14608837868,341164076,340940393,845603014,221128059,66623880,139656999,42.821,7:17.51,22925572,IDENTICAL,340940393,26.44,2026-08-21T15:28:32Z,ae04d236321b440db4491d279c0530de,18d1b06a66cadfcd98141682a95e4fd311492d85c8c3c761c0a30fbd52144740
ENR,OK,0,1133968,250563297,1500,266064075,10.4152,0.0432,152.8857,168.1267,23.4535,30.6041,67.2255,7.5726,3.8393,0.3827,9.1812,2996844,2997428,3316564,10915069672,266064075,266059485,739575720,249470907,1133968,3214291,41.024,2:48.38,3333500,IDENTICAL,266059485,15.05,2026-08-21T15:31:43Z,ae04d236321b440db4491d279c0530de,18d1b06a66cadfcd98141682a95e4fd311492d85c8c3c761c0a30fbd52144740
EPI,OK,0,13668320,152077588,151,662349794,8.8035,0.5773,379.9727,418.2155,57.7001,94.6752,164.1675,19.5489,10.9486,1.1572,15.2807,2212272,2336208,5288176,26495163804,662349794,662349303,1497598891,142955943,13668320,27661695,40.002,6:58.54,5490388,IDENTICAL,662349303,11.63,2026-08-21T15:39:40Z,ae04d236321b440db4491d279c0530de,18d1b06a66cadfcd98141682a95e4fd311492d85c8c3c761c0a30fbd52144740
