label,form,warm,queries,ns_per_query,probes_per_query,mean_answer,hidx_bytes,leaves,K,utc
BTCA,members,0,375775,3672.4,30.64,57483279.0,7326952,179650,25,-
BTCA,size,0,376657,364.9,30.59,6401.8,7326952,179650,25,-
BTCA,delta_star,0,500000,124.1,14.71,32312120.4,7326952,179650,25,-
BTCA,members,1,375775,3666.2,30.64,57483279.0,7326952,179650,25,-
BTCA,size,1,376657,363.5,30.59,6401.8,7326952,179650,25,-
BTCA,delta_star,1,500000,123.8,14.71,32312120.4,7326952,179650,25,-
ASTOPO,members,0,368478,19144.5,36.91,2846423349.1,266789596,6399436,147,-
ASTOPO,size,0,368227,1295.9,36.95,33260.0,266789596,6399436,147,-
ASTOPO,delta_star,0,500000,318.4,16.41,354786.8,266789596,6399436,147,-
ASTOPO,members,1,368478,19064.4,36.91,2846423349.1,266789596,6399436,147,-
ASTOPO,size,1,368227,1294.7,36.95,33260.0,266789596,6399436,147,-
ASTOPO,delta_star,1,500000,320.5,16.41,354786.8,266789596,6399436,147,-
BTCA,members,0,375775,3674.4,30.64,57483279.0,7326952,179650,25,-
BTCA,size,0,376657,372.4,30.59,6401.8,7326952,179650,25,-
BTCA,delta_star,0,500000,125.8,14.71,32312120.4,7326952,179650,25,-
BTCA,members,1,375775,3671.6,30.64,57483279.0,7326952,179650,25,-
BTCA,size,1,376657,372.1,30.59,6401.8,7326952,179650,25,-
BTCA,delta_star,1,500000,126.8,14.71,32312120.4,7326952,179650,25,-
ASTOPO,members,0,368478,19052.5,36.91,2846423349.1,266789596,6399436,147,-
ASTOPO,size,0,368227,1300.0,36.95,33260.0,266789596,6399436,147,-
ASTOPO,delta_star,0,500000,327.4,16.41,354786.8,266789596,6399436,147,-
ASTOPO,members,1,368478,19072.7,36.91,2846423349.1,266789596,6399436,147,-
ASTOPO,size,1,368227,1301.1,36.95,33260.0,266789596,6399436,147,-
ASTOPO,delta_star,1,500000,328.9,16.41,354786.8,266789596,6399436,147,-
AMZELEC,members,0,406629,978009.1,43.01,6786019179231.2,957200332,23952451,15,-
AMZELEC,size,0,407213,1376.6,42.97,1708113.9,957200332,23952451,15,-
AMZELEC,delta_star,0,500000,424.8,20.47,73762321.9,957200332,23952451,15,-
AMZELEC,members,1,406629,1000824.5,43.01,6786019179231.2,957200332,23952451,15,-
AMZELEC,size,1,407213,1846.1,42.97,1708113.9,957200332,23952451,15,-
AMZELEC,delta_star,1,500000,566.2,20.47,73762321.9,957200332,23952451,15,-
AMZRAT,members,0,369482,556323.2,42.16,2664475397768.4,1022938012,25645610,28,-
AMZRAT,size,0,369082,2155.9,42.23,909889.0,1022938012,25645610,28,-
AMZRAT,delta_star,0,500000,581.0,20.07,72278053.4,1022938012,25645610,28,-
AMZRAT,members,1,369482,582770.4,42.16,2664475397768.4,1022938012,25645610,28,-
AMZRAT,size,1,369082,2155.9,42.23,909889.0,1022938012,25645610,28,-
AMZRAT,delta_star,1,500000,581.2,20.07,72278053.4,1022938012,25645610,28,-
SUPERUSER,members,0,309210,67667.1,43.25,44508964780.5,1506700872,35770033,241,-
SUPERUSER,size,0,309028,1895.8,43.26,106913.4,1506700872,35770033,241,-
SUPERUSER,delta_star,0,500000,442.3,17.37,67712676.6,1506700872,35770033,241,-
SUPERUSER,members,1,309210,67464.1,43.25,44508964780.5,1506700872,35770033,241,-
SUPERUSER,size,1,309028,1898.9,43.26,106913.4,1506700872,35770033,241,-
SUPERUSER,delta_star,1,500000,441.4,17.37,67712676.6,1506700872,35770033,241,-
GOWALLA,members,0,311450,77171.9,31.41,397257754230.9,4858046796,115552059,523,-
GOWALLA,size,0,311968,1072.9,31.31,125844.5,4858046796,115552059,523,-
GOWALLA,delta_star,0,500000,404.2,19.39,19208578.7,4858046796,115552059,523,-
GOWALLA,members,1,311450,76608.9,31.41,397257754230.9,4858046796,115552059,523,-
GOWALLA,size,1,311968,1078.8,31.31,125844.5,4858046796,115552059,523,-
GOWALLA,delta_star,1,500000,395.6,19.39,19208578.7,4858046796,115552059,523,-
DIGG,members,0,323286,263549.8,49.25,454138781408.9,5111876080,123159090,209,-
DIGG,size,0,323642,2655.1,49.21,429435.6,5111876080,123159090,209,-
DIGG,delta_star,0,500000,648.9,20.04,15796782.4,5111876080,123159090,209,-
DIGG,members,1,323286,261293.3,49.25,454138781408.9,5111876080,123159090,209,-
DIGG,size,1,323642,2654.5,49.21,429435.6,5111876080,123159090,209,-
DIGG,delta_star,1,500000,622.2,20.04,15796782.4,5111876080,123159090,209,-
AB,members,0,417255,1937445.3,44.40,38663431741421.0,5883698144,147127892,46,-
AB,size,0,417242,2701.7,44.40,3232979.5,5883698144,147127892,46,-
AB,delta_star,0,500000,825.1,21.26,72015663.9,5883698144,147127892,46,-
AB,members,1,417255,2084200.9,44.40,38663431741421.0,5883698144,147127892,46,-
AB,size,1,417242,2688.2,44.40,3232979.5,5883698144,147127892,46,-
AB,delta_star,1,500000,814.4,21.26,72015663.9,5883698144,147127892,46,-
PROSPER,members,0,438108,1089574.6,49.28,3261561428628.3,8477610616,211904046,113,-
PROSPER,size,0,438590,2947.6,49.28,1750678.6,8477610616,211904046,113,-
PROSPER,delta_star,0,500000,940.4,21.60,31503636.1,8477610616,211904046,113,-
PROSPER,members,1,438108,1142339.9,49.28,3261561428628.3,8477610616,211904046,113,-
PROSPER,size,1,438590,2897.1,49.28,1750678.6,8477610616,211904046,113,-
PROSPER,delta_star,1,500000,941.0,21.60,31503636.1,8477610616,211904046,113,-
YT,members,0,339908,949454.6,50.23,10747319053031.0,8665719008,216638111,123,-
YT,size,0,340507,2255.9,50.20,1629728.0,8665719008,216638111,123,-
YT,delta_star,0,500000,613.2,20.63,8365207.9,8665719008,216638111,123,-
YT,members,1,339908,949809.4,50.23,10747319053031.0,8665719008,216638111,123,-
YT,size,1,340507,2218.0,50.20,1629728.0,8665719008,216638111,123,-
YT,delta_star,1,500000,633.6,20.63,8365207.9,8665719008,216638111,123,-
DBLPCA,members,0,489423,241432.9,35.46,2653343272427.1,10588336224,264757513,562,-
DBLPCA,size,0,489270,1228.3,35.46,407864.2,10588336224,264757513,562,-
DBLPCA,delta_star,0,500000,573.9,18.29,53119855.5,10588336224,264757513,562,-
DBLPCA,members,1,489423,270953.8,35.46,2653343272427.1,10588336224,264757513,562,-
DBLPCA,size,1,489270,1621.5,35.46,407864.2,10588336224,264757513,562,-
DBLPCA,delta_star,1,500000,749.2,18.29,53119855.5,10588336224,264757513,562,-
ENR,members,0,314883,76182.2,41.67,65991345752.8,10915069672,266064075,1500,-
ENR,size,0,314702,2125.5,41.69,116866.5,10915069672,266064075,1500,-
ENR,delta_star,0,500000,595.5,17.31,27098577.3,10915069672,266064075,1500,-
ENR,members,1,314883,74498.0,41.67,65991345752.8,10915069672,266064075,1500,-
ENR,size,1,314702,2117.0,41.69,116866.5,10915069672,266064075,1500,-
ENR,delta_star,1,500000,580.3,17.31,27098577.3,10915069672,266064075,1500,-
WIKICONF,members,0,300170,271778.1,42.75,580630420164.0,12671402476,310513468,562,-
WIKICONF,size,0,300335,3176.6,42.67,413189.7,12671402476,310513468,562,-
WIKICONF,delta_star,0,500000,795.3,17.79,45599840.0,12671402476,310513468,562,-
WIKICONF,members,1,300170,276244.2,42.75,580630420164.0,12671402476,310513468,562,-
WIKICONF,size,1,300335,3129.0,42.67,413189.7,12671402476,310513468,562,-
WIKICONF,delta_star,1,500000,817.8,17.79,45599840.0,12671402476,310513468,562,-
EPI,members,0,464670,2646123.9,46.08,30154434339630.2,26495163804,662349794,151,-
EPI,size,0,464590,3251.8,46.07,4324098.2,26495163804,662349794,151,-
EPI,delta_star,0,500000,1121.1,22.06,6430165.6,26495163804,662349794,151,-
EPI,members,1,464670,2757252.2,46.08,30154434339630.2,26495163804,662349794,151,-
EPI,size,1,464590,3153.9,46.07,4324098.2,26495163804,662349794,151,-
EPI,delta_star,1,500000,1100.7,22.06,6430165.6,26495163804,662349794,151,-
HEPTH,members,0,424741,687487.3,43.47,1461620395344.2,28258806496,706417584,561,-
HEPTH,size,0,424285,2308.7,43.50,1180856.9,28258806496,706417584,561,-
HEPTH,delta_star,0,500000,800.2,20.93,37557502.8,28258806496,706417584,561,-
HEPTH,members,1,424741,684121.4,43.47,1461620395344.2,28258806496,706417584,561,-
HEPTH,size,1,424285,2199.8,43.50,1180856.9,28258806496,706417584,561,-
HEPTH,delta_star,1,500000,776.4,20.93,37557502.8,28258806496,706417584,561,-
WT,members,0,280512,321345.7,48.38,1583863876614.6,46180496656,1125678064,1582,-
WT,size,0,280154,3386.8,48.42,532028.8,46180496656,1125678064,1582,-
WT,delta_star,0,500000,822.7,18.95,32759349.2,46180496656,1125678064,1582,-
WT,members,1,280512,314010.0,48.38,1583863876614.6,46180496656,1125678064,1582,-
WT,size,1,280154,2812.8,48.42,532028.8,46180496656,1125678064,1582,-
WT,delta_star,1,500000,733.6,18.95,32759349.2,46180496656,1125678064,1582,-
BRIGHTKITE,members,0,288643,139847.5,50.27,670547017797.5,60471905032,1474534371,2100,-
BRIGHTKITE,size,0,289311,4859.0,50.17,201261.3,60471905032,1474534371,2100,-
BRIGHTKITE,delta_star,0,500000,1436.7,22.31,12433747.0,60471905032,1474534371,2100,-
BRIGHTKITE,members,1,288643,131055.8,50.27,670547017797.5,60471905032,1474534371,2100,-
BRIGHTKITE,size,1,289311,3859.1,50.17,201261.3,60471905032,1474534371,2100,-
BRIGHTKITE,delta_star,1,500000,1129.7,22.31,12433747.0,60471905032,1474534371,2100,-
HEPPH,members,0,354361,1136340.4,53.64,3750624427318.8,60608177948,1514695094,693,-
HEPPH,size,0,354514,4179.8,53.65,1780730.3,60608177948,1514695094,693,-
HEPPH,delta_star,0,500000,1163.6,21.70,91648264.0,60608177948,1514695094,693,-
HEPPH,members,1,354361,1145670.0,53.64,3750624427318.8,60608177948,1514695094,693,-
HEPPH,size,1,354514,3612.4,53.65,1780730.3,60608177948,1514695094,693,-
HEPPH,delta_star,1,500000,1057.4,21.70,91648264.0,60608177948,1514695094,693,-
FL,members,0,388154,10373946.1,53.70,23901815659487.9,197772648760,4944302482,642,-
FL,size,0,388127,3339878.1,53.70,6268269.3,197772648760,4944302482,642,-
FL,delta_star,0,500000,1303715.1,23.54,5545136.2,197772648760,4944302482,642,-
FL,members,1,388154,3899651.8,53.70,23901815659487.9,197772648760,4944302482,642,-
FL,size,1,388127,5246.6,53.70,6268269.3,197772648760,4944302482,642,-
FL,delta_star,1,500000,1475.4,23.54,5545136.2,197772648760,4944302482,642,-
ACL,members,0,318463,8968592.7,60.37,20551734163046.1,12038255064,280520976,15,-
ACL,size,0,319566,3705.7,60.23,15525587.0,12038255064,280520976,15,-
ACL,delta_star,0,500000,798.1,24.60,91513442.9,12038255064,280520976,15,-
ACL,members,1,318463,8973418.3,60.37,20551734163046.1,12038255064,280520976,15,-
ACL,size,1,319566,3811.4,60.23,15525587.0,12038255064,280520976,15,-
ACL,delta_star,1,500000,783.2,24.60,91513442.9,12038255064,280520976,15,-
AHO,members,0,322120,10742319.9,60.06,9722091578633.9,14608837868,341164076,18,-
AHO,size,0,322624,49239.1,59.99,15724667.6,14608837868,341164076,18,-
AHO,delta_star,0,500000,7909.5,24.58,111749960.5,14608837868,341164076,18,-
AHO,members,1,322120,9340303.5,60.06,9722091578633.9,14608837868,341164076,18,-
AHO,size,1,322624,3970.5,59.99,15724667.6,14608837868,341164076,18,-
AHO,delta_star,1,500000,809.1,24.58,111749960.5,14608837868,341164076,18,-
