label,delta,run,ours_status,ours_query_wall_s,utc,loadavg,loadavg_end,machine_id,kcs_bin_sha256,query_bin_sha256
ENR,1,1,OK,14.747,2026-08-24T11:29:58Z,10.84,10.96,ae04d236321b440db4491d279c0530de,d4bae9eb15cd3fca680acca1bdace0235facae0daefbb7e539124e97c8dce24f,e49cdca8d3c594948093075afd5e76cf091d4b7cfa968d3da2c5f6ef74a2fc60
ENR,1,2,OK,0.704,2026-08-24T11:30:12Z,10.96,10.96,ae04d236321b440db4491d279c0530de,d4bae9eb15cd3fca680acca1bdace0235facae0daefbb7e539124e97c8dce24f,e49cdca8d3c594948093075afd5e76cf091d4b7cfa968d3da2c5f6ef74a2fc60
ENR,1,3,OK,0.633,2026-08-24T11:30:13Z,10.96,10.96,ae04d236321b440db4491d279c0530de,d4bae9eb15cd3fca680acca1bdace0235facae0daefbb7e539124e97c8dce24f,e49cdca8d3c594948093075afd5e76cf091d4b7cfa968d3da2c5f6ef74a2fc60
ENR,35880,1,OK,0.641,2026-08-24T11:30:14Z,10.96,10.96,ae04d236321b440db4491d279c0530de,d4bae9eb15cd3fca680acca1bdace0235facae0daefbb7e539124e97c8dce24f,e49cdca8d3c594948093075afd5e76cf091d4b7cfa968d3da2c5f6ef74a2fc60
ENR,35880,2,OK,0.639,2026-08-24T11:30:14Z,10.96,10.96,ae04d236321b440db4491d279c0530de,d4bae9eb15cd3fca680acca1bdace0235facae0daefbb7e539124e97c8dce24f,e49cdca8d3c594948093075afd5e76cf091d4b7cfa968d3da2c5f6ef74a2fc60
ENR,35880,3,OK,0.642,2026-08-24T11:30:15Z,10.96,10.96,ae04d236321b440db4491d279c0530de,d4bae9eb15cd3fca680acca1bdace0235facae0daefbb7e539124e97c8dce24f,e49cdca8d3c594948093075afd5e76cf091d4b7cfa968d3da2c5f6ef74a2fc60
ENR,60927,1,OK,0.643,2026-08-24T11:30:16Z,10.96,10.96,ae04d236321b440db4491d279c0530de,d4bae9eb15cd3fca680acca1bdace0235facae0daefbb7e539124e97c8dce24f,e49cdca8d3c594948093075afd5e76cf091d4b7cfa968d3da2c5f6ef74a2fc60
ENR,60927,2,OK,0.649,2026-08-24T11:30:16Z,10.96,10.96,ae04d236321b440db4491d279c0530de,d4bae9eb15cd3fca680acca1bdace0235facae0daefbb7e539124e97c8dce24f,e49cdca8d3c594948093075afd5e76cf091d4b7cfa968d3da2c5f6ef74a2fc60
ENR,60927,3,OK,0.653,2026-08-24T11:30:17Z,10.96,10.96,ae04d236321b440db4491d279c0530de,d4bae9eb15cd3fca680acca1bdace0235facae0daefbb7e539124e97c8dce24f,e49cdca8d3c594948093075afd5e76cf091d4b7cfa968d3da2c5f6ef74a2fc60
ENR,103480,1,OK,0.654,2026-08-24T11:30:18Z,10.96,11.05,ae04d236321b440db4491d279c0530de,d4bae9eb15cd3fca680acca1bdace0235facae0daefbb7e539124e97c8dce24f,e49cdca8d3c594948093075afd5e76cf091d4b7cfa968d3da2c5f6ef74a2fc60
ENR,103480,2,OK,0.657,2026-08-24T11:30:18Z,11.05,11.05,ae04d236321b440db4491d279c0530de,d4bae9eb15cd3fca680acca1bdace0235facae0daefbb7e539124e97c8dce24f,e49cdca8d3c594948093075afd5e76cf091d4b7cfa968d3da2c5f6ef74a2fc60
ENR,103480,3,OK,0.660,2026-08-24T11:30:19Z,11.05,11.05,ae04d236321b440db4491d279c0530de,d4bae9eb15cd3fca680acca1bdace0235facae0daefbb7e539124e97c8dce24f,e49cdca8d3c594948093075afd5e76cf091d4b7cfa968d3da2c5f6ef74a2fc60
ENR,175720,1,OK,0.704,2026-08-24T11:30:20Z,11.05,11.05,ae04d236321b440db4491d279c0530de,d4bae9eb15cd3fca680acca1bdace0235facae0daefbb7e539124e97c8dce24f,e49cdca8d3c594948093075afd5e76cf091d4b7cfa968d3da2c5f6ef74a2fc60
ENR,175720,2,OK,0.729,2026-08-24T11:30:20Z,11.05,11.05,ae04d236321b440db4491d279c0530de,d4bae9eb15cd3fca680acca1bdace0235facae0daefbb7e539124e97c8dce24f,e49cdca8d3c594948093075afd5e76cf091d4b7cfa968d3da2c5f6ef74a2fc60
ENR,175720,3,OK,0.684,2026-08-24T11:30:21Z,11.05,11.05,ae04d236321b440db4491d279c0530de,d4bae9eb15cd3fca680acca1bdace0235facae0daefbb7e539124e97c8dce24f,e49cdca8d3c594948093075afd5e76cf091d4b7cfa968d3da2c5f6ef74a2fc60
ENR,298800,1,OK,0.697,2026-08-24T11:30:22Z,11.05,11.05,ae04d236321b440db4491d279c0530de,d4bae9eb15cd3fca680acca1bdace0235facae0daefbb7e539124e97c8dce24f,e49cdca8d3c594948093075afd5e76cf091d4b7cfa968d3da2c5f6ef74a2fc60
ENR,298800,2,OK,0.689,2026-08-24T11:30:22Z,11.05,11.04,ae04d236321b440db4491d279c0530de,d4bae9eb15cd3fca680acca1bdace0235facae0daefbb7e539124e97c8dce24f,e49cdca8d3c594948093075afd5e76cf091d4b7cfa968d3da2c5f6ef74a2fc60
ENR,298800,3,OK,0.683,2026-08-24T11:30:23Z,11.04,11.04,ae04d236321b440db4491d279c0530de,d4bae9eb15cd3fca680acca1bdace0235facae0daefbb7e539124e97c8dce24f,e49cdca8d3c594948093075afd5e76cf091d4b7cfa968d3da2c5f6ef74a2fc60
ENR,506539,1,OK,0.700,2026-08-24T11:30:24Z,11.04,11.04,ae04d236321b440db4491d279c0530de,d4bae9eb15cd3fca680acca1bdace0235facae0daefbb7e539124e97c8dce24f,e49cdca8d3c594948093075afd5e76cf091d4b7cfa968d3da2c5f6ef74a2fc60
ENR,506539,2,OK,0.696,2026-08-24T11:30:24Z,11.04,11.04,ae04d236321b440db4491d279c0530de,d4bae9eb15cd3fca680acca1bdace0235facae0daefbb7e539124e97c8dce24f,e49cdca8d3c594948093075afd5e76cf091d4b7cfa968d3da2c5f6ef74a2fc60
ENR,506539,3,OK,0.696,2026-08-24T11:30:25Z,11.04,11.04,ae04d236321b440db4491d279c0530de,d4bae9eb15cd3fca680acca1bdace0235facae0daefbb7e539124e97c8dce24f,e49cdca8d3c594948093075afd5e76cf091d4b7cfa968d3da2c5f6ef74a2fc60
ENR,860400,1,OK,0.766,2026-08-24T11:30:26Z,11.04,11.04,ae04d236321b440db4491d279c0530de,d4bae9eb15cd3fca680acca1bdace0235facae0daefbb7e539124e97c8dce24f,e49cdca8d3c594948093075afd5e76cf091d4b7cfa968d3da2c5f6ef74a2fc60
ENR,860400,2,OK,0.737,2026-08-24T11:30:27Z,11.04,11.04,ae04d236321b440db4491d279c0530de,d4bae9eb15cd3fca680acca1bdace0235facae0daefbb7e539124e97c8dce24f,e49cdca8d3c594948093075afd5e76cf091d4b7cfa968d3da2c5f6ef74a2fc60
ENR,860400,3,OK,0.716,2026-08-24T11:30:27Z,11.04,11.12,ae04d236321b440db4491d279c0530de,d4bae9eb15cd3fca680acca1bdace0235facae0daefbb7e539124e97c8dce24f,e49cdca8d3c594948093075afd5e76cf091d4b7cfa968d3da2c5f6ef74a2fc60
ENR,1460760,1,OK,0.728,2026-08-24T11:30:28Z,11.12,11.12,ae04d236321b440db4491d279c0530de,d4bae9eb15cd3fca680acca1bdace0235facae0daefbb7e539124e97c8dce24f,e49cdca8d3c594948093075afd5e76cf091d4b7cfa968d3da2c5f6ef74a2fc60
ENR,1460760,2,OK,0.723,2026-08-24T11:30:29Z,11.12,11.12,ae04d236321b440db4491d279c0530de,d4bae9eb15cd3fca680acca1bdace0235facae0daefbb7e539124e97c8dce24f,e49cdca8d3c594948093075afd5e76cf091d4b7cfa968d3da2c5f6ef74a2fc60
ENR,1460760,3,OK,0.731,2026-08-24T11:30:30Z,11.12,11.12,ae04d236321b440db4491d279c0530de,d4bae9eb15cd3fca680acca1bdace0235facae0daefbb7e539124e97c8dce24f,e49cdca8d3c594948093075afd5e76cf091d4b7cfa968d3da2c5f6ef74a2fc60
ENR,2484990,1,OK,0.794,2026-08-24T11:30:30Z,11.12,11.12,ae04d236321b440db4491d279c0530de,d4bae9eb15cd3fca680acca1bdace0235facae0daefbb7e539124e97c8dce24f,e49cdca8d3c594948093075afd5e76cf091d4b7cfa968d3da2c5f6ef74a2fc60
ENR,2484990,2,OK,0.775,2026-08-24T11:30:31Z,11.12,11.12,ae04d236321b440db4491d279c0530de,d4bae9eb15cd3fca680acca1bdace0235facae0daefbb7e539124e97c8dce24f,e49cdca8d3c594948093075afd5e76cf091d4b7cfa968d3da2c5f6ef74a2fc60
ENR,2484990,3,OK,0.743,2026-08-24T11:30:32Z,11.12,11.12,ae04d236321b440db4491d279c0530de,d4bae9eb15cd3fca680acca1bdace0235facae0daefbb7e539124e97c8dce24f,e49cdca8d3c594948093075afd5e76cf091d4b7cfa968d3da2c5f6ef74a2fc60
ENR,4222620,1,OK,0.770,2026-08-24T11:30:33Z,11.12,11.11,ae04d236321b440db4491d279c0530de,d4bae9eb15cd3fca680acca1bdace0235facae0daefbb7e539124e97c8dce24f,e49cdca8d3c594948093075afd5e76cf091d4b7cfa968d3da2c5f6ef74a2fc60
ENR,4222620,2,OK,0.810,2026-08-24T11:30:33Z,11.11,11.11,ae04d236321b440db4491d279c0530de,d4bae9eb15cd3fca680acca1bdace0235facae0daefbb7e539124e97c8dce24f,e49cdca8d3c594948093075afd5e76cf091d4b7cfa968d3da2c5f6ef74a2fc60
ENR,4222620,3,OK,0.790,2026-08-24T11:30:34Z,11.11,11.11,ae04d236321b440db4491d279c0530de,d4bae9eb15cd3fca680acca1bdace0235facae0daefbb7e539124e97c8dce24f,e49cdca8d3c594948093075afd5e76cf091d4b7cfa968d3da2c5f6ef74a2fc60
ENR,7157580,1,OK,0.775,2026-08-24T11:30:35Z,11.11,11.11,ae04d236321b440db4491d279c0530de,d4bae9eb15cd3fca680acca1bdace0235facae0daefbb7e539124e97c8dce24f,e49cdca8d3c594948093075afd5e76cf091d4b7cfa968d3da2c5f6ef74a2fc60
ENR,7157580,2,OK,0.780,2026-08-24T11:30:36Z,11.11,11.11,ae04d236321b440db4491d279c0530de,d4bae9eb15cd3fca680acca1bdace0235facae0daefbb7e539124e97c8dce24f,e49cdca8d3c594948093075afd5e76cf091d4b7cfa968d3da2c5f6ef74a2fc60
ENR,7157580,3,OK,0.768,2026-08-24T11:30:37Z,11.11,11.11,ae04d236321b440db4491d279c0530de,d4bae9eb15cd3fca680acca1bdace0235facae0daefbb7e539124e97c8dce24f,e49cdca8d3c594948093075afd5e76cf091d4b7cfa968d3da2c5f6ef74a2fc60
ENR,12172304,1,OK,0.869,2026-08-24T11:30:37Z,11.11,11.10,ae04d236321b440db4491d279c0530de,d4bae9eb15cd3fca680acca1bdace0235facae0daefbb7e539124e97c8dce24f,e49cdca8d3c594948093075afd5e76cf091d4b7cfa968d3da2c5f6ef74a2fc60
ENR,12172304,2,OK,0.781,2026-08-24T11:30:38Z,11.10,11.10,ae04d236321b440db4491d279c0530de,d4bae9eb15cd3fca680acca1bdace0235facae0daefbb7e539124e97c8dce24f,e49cdca8d3c594948093075afd5e76cf091d4b7cfa968d3da2c5f6ef74a2fc60
ENR,12172304,3,OK,0.786,2026-08-24T11:30:39Z,11.10,11.10,ae04d236321b440db4491d279c0530de,d4bae9eb15cd3fca680acca1bdace0235facae0daefbb7e539124e97c8dce24f,e49cdca8d3c594948093075afd5e76cf091d4b7cfa968d3da2c5f6ef74a2fc60
ENR,20937660,1,OK,1.503,2026-08-24T11:30:40Z,11.10,11.10,ae04d236321b440db4491d279c0530de,d4bae9eb15cd3fca680acca1bdace0235facae0daefbb7e539124e97c8dce24f,e49cdca8d3c594948093075afd5e76cf091d4b7cfa968d3da2c5f6ef74a2fc60
ENR,20937660,2,OK,0.780,2026-08-24T11:30:41Z,11.10,11.10,ae04d236321b440db4491d279c0530de,d4bae9eb15cd3fca680acca1bdace0235facae0daefbb7e539124e97c8dce24f,e49cdca8d3c594948093075afd5e76cf091d4b7cfa968d3da2c5f6ef74a2fc60
ENR,20937660,3,OK,0.787,2026-08-24T11:30:42Z,11.10,11.17,ae04d236321b440db4491d279c0530de,d4bae9eb15cd3fca680acca1bdace0235facae0daefbb7e539124e97c8dce24f,e49cdca8d3c594948093075afd5e76cf091d4b7cfa968d3da2c5f6ef74a2fc60
ENR,35081460,1,OK,0.755,2026-08-24T11:30:43Z,11.17,11.17,ae04d236321b440db4491d279c0530de,d4bae9eb15cd3fca680acca1bdace0235facae0daefbb7e539124e97c8dce24f,e49cdca8d3c594948093075afd5e76cf091d4b7cfa968d3da2c5f6ef74a2fc60
ENR,35081460,2,OK,0.750,2026-08-24T11:30:44Z,11.17,11.17,ae04d236321b440db4491d279c0530de,d4bae9eb15cd3fca680acca1bdace0235facae0daefbb7e539124e97c8dce24f,e49cdca8d3c594948093075afd5e76cf091d4b7cfa968d3da2c5f6ef74a2fc60
ENR,35081460,3,OK,0.784,2026-08-24T11:30:44Z,11.17,11.17,ae04d236321b440db4491d279c0530de,d4bae9eb15cd3fca680acca1bdace0235facae0daefbb7e539124e97c8dce24f,e49cdca8d3c594948093075afd5e76cf091d4b7cfa968d3da2c5f6ef74a2fc60
ENR,85565464,1,OK,0.660,2026-08-24T11:30:45Z,11.17,11.17,ae04d236321b440db4491d279c0530de,d4bae9eb15cd3fca680acca1bdace0235facae0daefbb7e539124e97c8dce24f,e49cdca8d3c594948093075afd5e76cf091d4b7cfa968d3da2c5f6ef74a2fc60
ENR,85565464,2,OK,0.658,2026-08-24T11:30:46Z,11.17,11.17,ae04d236321b440db4491d279c0530de,d4bae9eb15cd3fca680acca1bdace0235facae0daefbb7e539124e97c8dce24f,e49cdca8d3c594948093075afd5e76cf091d4b7cfa968d3da2c5f6ef74a2fc60
ENR,85565464,3,OK,0.653,2026-08-24T11:30:46Z,11.17,11.17,ae04d236321b440db4491d279c0530de,d4bae9eb15cd3fca680acca1bdace0235facae0daefbb7e539124e97c8dce24f,e49cdca8d3c594948093075afd5e76cf091d4b7cfa968d3da2c5f6ef74a2fc60
