label,class,op,delta,n_queries,n_batches,warmup,cold_or_warm_s,min_batch_or_query_s,per_query_us,open_s,emit_s,rng_seed,index_bytes,machine_id,qtime_sha256,utc,loadavg,procs_running
ENR,A,point,NA,40000,3,yes,343.458693,0.013022,0.325560,0.050350,NA,20260818,6031662840,ae04d236321b440db4491d279c0530de,a4267d28e3c6fde22fbeb543b2d381da81772c06d5438abc2e94d3f0ac9d63af,2026-08-18T10:35:59Z,7.17,3
ENR,B,full,1,1133968,3,yes,100.571276,0.123368,0.108793,0.000060,0.258381,NA,20260818,6031662840,ae04d236321b440db4491d279c0530de,a4267d28e3c6fde22fbeb543b2d381da81772c06d5438abc2e94d3f0ac9d63af,2026-08-18T10:37:41Z,4.72,3
ENR,B,full,35880,1133968,3,yes,2.644010,0.150062,0.132333,0.000053,0.251624,NA,20260818,6031662840,ae04d236321b440db4491d279c0530de,a4267d28e3c6fde22fbeb543b2d381da81772c06d5438abc2e94d3f0ac9d63af,2026-08-18T10:37:45Z,4.72,3
ENR,B,full,60927,1133968,3,yes,2.602283,0.149488,0.131828,0.000060,0.248888,NA,20260818,6031662840,ae04d236321b440db4491d279c0530de,a4267d28e3c6fde22fbeb543b2d381da81772c06d5438abc2e94d3f0ac9d63af,2026-08-18T10:37:48Z,4.66,4
ENR,B,full,103480,1133968,3,yes,2.319715,0.163657,0.144322,0.000049,0.260506,NA,20260818,6031662840,ae04d236321b440db4491d279c0530de,a4267d28e3c6fde22fbeb543b2d381da81772c06d5438abc2e94d3f0ac9d63af,2026-08-18T10:37:52Z,4.69,3
ENR,B,full,175720,1133968,3,yes,2.313289,0.166360,0.146706,0.000051,0.262725,NA,20260818,6031662840,ae04d236321b440db4491d279c0530de,a4267d28e3c6fde22fbeb543b2d381da81772c06d5438abc2e94d3f0ac9d63af,2026-08-18T10:37:55Z,4.69,4
ENR,B,full,298800,1133968,3,yes,2.656401,0.175177,0.154481,0.000051,0.270078,NA,20260818,6031662840,ae04d236321b440db4491d279c0530de,a4267d28e3c6fde22fbeb543b2d381da81772c06d5438abc2e94d3f0ac9d63af,2026-08-18T10:37:59Z,4.63,6
ENR,B,full,506539,1133968,3,yes,2.312068,0.181718,0.160250,0.000049,0.279995,NA,20260818,6031662840,ae04d236321b440db4491d279c0530de,a4267d28e3c6fde22fbeb543b2d381da81772c06d5438abc2e94d3f0ac9d63af,2026-08-18T10:38:02Z,4.58,3
ENR,B,full,860400,1133968,3,yes,2.806561,0.201159,0.177394,0.000058,0.295355,NA,20260818,6031662840,ae04d236321b440db4491d279c0530de,a4267d28e3c6fde22fbeb543b2d381da81772c06d5438abc2e94d3f0ac9d63af,2026-08-18T10:38:06Z,4.58,4
ENR,B,full,1460760,1133968,3,yes,2.311115,0.213096,0.187920,0.000021,0.304608,NA,20260818,6031662840,ae04d236321b440db4491d279c0530de,a4267d28e3c6fde22fbeb543b2d381da81772c06d5438abc2e94d3f0ac9d63af,2026-08-18T10:38:09Z,4.78,3
ENR,B,full,2484990,1133968,3,yes,2.313294,0.222938,0.196600,0.000052,0.314761,NA,20260818,6031662840,ae04d236321b440db4491d279c0530de,a4267d28e3c6fde22fbeb543b2d381da81772c06d5438abc2e94d3f0ac9d63af,2026-08-18T10:38:13Z,4.71,3
ENR,B,full,4222620,1133968,3,yes,2.337726,0.237951,0.209839,0.000058,0.330317,NA,20260818,6031662840,ae04d236321b440db4491d279c0530de,a4267d28e3c6fde22fbeb543b2d381da81772c06d5438abc2e94d3f0ac9d63af,2026-08-18T10:38:16Z,4.66,4
ENR,B,full,7157580,1133968,3,yes,2.635033,0.243163,0.214435,0.000051,0.333971,NA,20260818,6031662840,ae04d236321b440db4491d279c0530de,a4267d28e3c6fde22fbeb543b2d381da81772c06d5438abc2e94d3f0ac9d63af,2026-08-18T10:38:20Z,4.66,3
ENR,B,full,12172304,1133968,3,yes,2.655866,0.248447,0.219095,0.000051,0.341948,NA,20260818,6031662840,ae04d236321b440db4491d279c0530de,a4267d28e3c6fde22fbeb543b2d381da81772c06d5438abc2e94d3f0ac9d63af,2026-08-18T10:38:24Z,4.60,3
ENR,B,full,20937660,1133968,3,yes,2.328209,0.249388,0.219925,0.000054,0.338828,NA,20260818,6031662840,ae04d236321b440db4491d279c0530de,a4267d28e3c6fde22fbeb543b2d381da81772c06d5438abc2e94d3f0ac9d63af,2026-08-18T10:38:28Z,4.55,4
ENR,B,full,35081460,1133968,3,yes,2.312564,0.225870,0.199185,0.000058,0.315834,NA,20260818,6031662840,ae04d236321b440db4491d279c0530de,a4267d28e3c6fde22fbeb543b2d381da81772c06d5438abc2e94d3f0ac9d63af,2026-08-18T10:38:31Z,6.19,4
ENR,B,full,85565464,1133968,3,yes,2.639660,0.149977,0.132258,0.000060,0.240789,NA,20260818,6031662840,ae04d236321b440db4491d279c0530de,a4267d28e3c6fde22fbeb543b2d381da81772c06d5438abc2e94d3f0ac9d63af,2026-08-18T10:38:35Z,6.19,6
YT,A,point,NA,40000,3,yes,96.542486,0.009577,0.239430,0.032453,NA,20260818,3308803320,ae04d236321b440db4491d279c0530de,a4267d28e3c6fde22fbeb543b2d381da81772c06d5438abc2e94d3f0ac9d63af,2026-08-18T10:44:18Z,7.36,4
YT,B,full,82800,12223774,3,yes,38.708703,0.410838,0.033610,0.000054,1.520438,NA,20260818,3308803320,ae04d236321b440db4491d279c0530de,a4267d28e3c6fde22fbeb543b2d381da81772c06d5438abc2e94d3f0ac9d63af,2026-08-18T10:45:00Z,5.72,3
YT,B,full,345600,12223774,3,yes,1.537536,0.489006,0.040004,0.000062,1.331678,NA,20260818,3308803320,ae04d236321b440db4491d279c0530de,a4267d28e3c6fde22fbeb543b2d381da81772c06d5438abc2e94d3f0ac9d63af,2026-08-18T10:45:05Z,5.66,5
YT,B,full,514800,12223774,3,yes,1.535352,0.492414,0.040283,0.000052,1.339541,NA,20260818,3308803320,ae04d236321b440db4491d279c0530de,a4267d28e3c6fde22fbeb543b2d381da81772c06d5438abc2e94d3f0ac9d63af,2026-08-18T10:45:09Z,5.53,6
YT,B,full,687600,12223774,3,yes,1.532860,0.502684,0.041123,0.000050,1.365078,NA,20260818,3308803320,ae04d236321b440db4491d279c0530de,a4267d28e3c6fde22fbeb543b2d381da81772c06d5438abc2e94d3f0ac9d63af,2026-08-18T10:45:14Z,5.41,3
YT,B,full,860400,12223774,3,yes,1.275864,0.511400,0.041837,0.000048,1.372970,NA,20260818,3308803320,ae04d236321b440db4491d279c0530de,a4267d28e3c6fde22fbeb543b2d381da81772c06d5438abc2e94d3f0ac9d63af,2026-08-18T10:45:18Z,9.14,6
YT,B,full,1206000,12223774,3,yes,1.287275,0.523529,0.042829,0.000061,1.381964,NA,20260818,3308803320,ae04d236321b440db4491d279c0530de,a4267d28e3c6fde22fbeb543b2d381da81772c06d5438abc2e94d3f0ac9d63af,2026-08-18T10:45:22Z,9.29,21
YT,B,full,1638000,12223774,3,yes,1.688101,0.729668,0.059692,0.000047,1.510238,NA,20260818,3308803320,ae04d236321b440db4491d279c0530de,a4267d28e3c6fde22fbeb543b2d381da81772c06d5438abc2e94d3f0ac9d63af,2026-08-18T10:45:28Z,9.03,3
YT,B,full,2156400,12223774,3,yes,1.637857,0.681903,0.055785,0.000054,1.530720,NA,20260818,3308803320,ae04d236321b440db4491d279c0530de,a4267d28e3c6fde22fbeb543b2d381da81772c06d5438abc2e94d3f0ac9d63af,2026-08-18T10:45:33Z,11.43,6
