label,pct,seed,records_in,records_out,status,exit_code,wall_s,sweep_s,edges_loaded,breakpoints,peak_rss_kb,stream_bytes,machine_id,kcs_bin_sha256,utc,loadavg_start,loadavg_end
YT,20,20260818,12223774,2444592,OK,0,50.584,46.8316,2444592,6425177,768576,60804488,ae04d236321b440db4491d279c0530de,d4bae9eb15cd3fca680acca1bdace0235facae0daefbb7e539124e97c8dce24f,2026-08-24T09:03:52Z,5.36,5.79
YT,40,20260818,12223774,4887360,OK,0,170.652,162.834,4887360,24746808,1765520,213394064,ae04d236321b440db4491d279c0530de,d4bae9eb15cd3fca680acca1bdace0235facae0daefbb7e539124e97c8dce24f,2026-08-24T09:04:43Z,5.79,6.70
YT,60,20260818,12223774,7332088,OK,0,339.435,327.671,7332088,53736191,3015068,442567816,ae04d236321b440db4491d279c0530de,d4bae9eb15cd3fca680acca1bdace0235facae0daefbb7e539124e97c8dce24f,2026-08-24T09:07:34Z,6.70,6.05
YT,80,20260818,12223774,9777550,OK,0,574.861,558.237,9777550,92635122,4531208,736743760,ae04d236321b440db4491d279c0530de,d4bae9eb15cd3fca680acca1bdace0235facae0daefbb7e539124e97c8dce24f,2026-08-24T09:13:14Z,6.05,6.25
YT,100,20260818,12223774,12223774,OK,0,838.066,816.265,12223774,140645357,6290112,1086641744,ae04d236321b440db4491d279c0530de,d4bae9eb15cd3fca680acca1bdace0235facae0daefbb7e539124e97c8dce24f,2026-08-24T09:22:49Z,6.25,18.53
AB,20,20260818,22507155,4502838,OK,0,102.481,92.429,4502838,4587063,1283856,54798128,ae04d236321b440db4491d279c0530de,d4bae9eb15cd3fca680acca1bdace0235facae0daefbb7e539124e97c8dce24f,2026-08-24T09:36:48Z,20.00,16.40
AB,40,20260818,22507155,9002457,OK,0,288.557,268.062,9002457,19162175,2665904,189389260,ae04d236321b440db4491d279c0530de,d4bae9eb15cd3fca680acca1bdace0235facae0daefbb7e539124e97c8dce24f,2026-08-24T09:38:31Z,16.40,9.54
AB,60,20260818,22507155,13504512,OK,0,568.607,542.017,13504512,43632650,4204092,403110320,ae04d236321b440db4491d279c0530de,d4bae9eb15cd3fca680acca1bdace0235facae0daefbb7e539124e97c8dce24f,2026-08-24T09:43:20Z,9.54,16.38
AB,80,20260818,22507155,18005806,OK,0,911.804,873.115,18005806,77870918,5907104,694882232,ae04d236321b440db4491d279c0530de,d4bae9eb15cd3fca680acca1bdace0235facae0daefbb7e539124e97c8dce24f,2026-08-24T09:52:50Z,16.38,7.30
AB,100,20260818,22507155,22507155,OK,0,1177.846,1136.73,22507155,121938144,7737348,1065134132,ae04d236321b440db4491d279c0530de,d4bae9eb15cd3fca680acca1bdace0235facae0daefbb7e539124e97c8dce24f,2026-08-24T10:08:02Z,7.30,9.69
AHO,20,20260818,66623880,13327798,OK,0,451.510,413.051,13327798,10008480,3695984,189387736,ae04d236321b440db4491d279c0530de,d4bae9eb15cd3fca680acca1bdace0235facae0daefbb7e539124e97c8dce24f,2026-08-24T10:27:50Z,9.63,33.76
AHO,40,20260818,66623880,26653151,OK,0,1386.342,1314.16,26653151,42443474,7587404,664684060,ae04d236321b440db4491d279c0530de,d4bae9eb15cd3fca680acca1bdace0235facae0daefbb7e539124e97c8dce24f,2026-08-24T10:35:23Z,33.76,11.43
AHO,60,20260818,66623880,39976855,OK,0,3196.483,3098.1,39976855,97204061,11814076,1381396772,ae04d236321b440db4491d279c0530de,d4bae9eb15cd3fca680acca1bdace0235facae0daefbb7e539124e97c8dce24f,2026-08-24T10:58:33Z,11.47,32.11
AHO,80,20260818,66623880,53298429,OK,0,3781.054,3659.33,53298429,174736901,16413236,2307124916,ae04d236321b440db4491d279c0530de,d4bae9eb15cd3fca680acca1bdace0235facae0daefbb7e539124e97c8dce24f,2026-08-24T11:52:03Z,29.56,11.87
AHO,100,20260818,66623880,66623880,OK,0,6172.219,5990.08,66623880,274536554,21365128,3416981088,ae04d236321b440db4491d279c0530de,d4bae9eb15cd3fca680acca1bdace0235facae0daefbb7e539124e97c8dce24f,2026-08-24T12:55:07Z,11.80,10.37
AHO,60,20260818,66623880,39976855,OK,0,2886.133,2794.04,39976855,97204061,11814248,1381396772,ae04d236321b440db4491d279c0530de,d4bae9eb15cd3fca680acca1bdace0235facae0daefbb7e539124e97c8dce24f,2026-08-24T14:40:25Z,11.98,8.86
AHO,100,20260818,66623880,66623880,OK,0,5681.235,5508.13,66623880,274536554,21365180,3416981088,ae04d236321b440db4491d279c0530de,d4bae9eb15cd3fca680acca1bdace0235facae0daefbb7e539124e97c8dce24f,2026-08-24T15:28:34Z,8.88,7.67
