label,group,domain,file,m,dup_dropped,self_loops,n,tmin,tmax,span,d_max,kappa_max,C0,C0_over_m,status,machine_id,screen_sha256,utc,wall_s
ENR,paper,email,data/enron.txt,1133968,78,13080,86806,910035120,1026473760,116438640,38635,1500,266064075,234.631026,OK,ae04d236321b440db4491d279c0530de,c685d0293a1dda95156a63402c7bda39fbd4e78d765712185b7577625bbe4f08,2026-08-18T03:04:11Z,0.3
WT,paper,wiki-talk,data/wiki-talk.txt,6092321,8217,0,1094018,1002859878,1199614728,196754850,233954,1582,1125678064,184.769986,OK,ae04d236321b440db4491d279c0530de,c685d0293a1dda95156a63402c7bda39fbd4e78d765712185b7577625bbe4f08,2026-08-18T03:04:13Z,1.8
YT,paper,social,data/soc-youtube-growth.norm.txt,12223774,0,0,3223589,1165705200,1185141600,19436400,129819,123,216638111,17.722686,OK,ae04d236321b440db4491d279c0530de,c685d0293a1dda95156a63402c7bda39fbd4e78d765712185b7577625bbe4f08,2026-08-18T03:04:18Z,4.7
EPI,paper,rating-trust,data/rec-epinions-user-ratings.norm.txt,13668320,0,0,876252,979081200,1022709600,43628400,162169,151,662349794,48.458757,OK,ae04d236321b440db4491d279c0530de,c685d0293a1dda95156a63402c7bda39fbd4e78d765712185b7577625bbe4f08,2026-08-18T03:04:22Z,4.4
AB,paper,product-review,data/Amazon-Books.norm.txt,22507155,0,0,10356390,832550400,1406073600,573523200,43201,46,147127892,6.536939,OK,ae04d236321b440db4491d279c0530de,c685d0293a1dda95156a63402c7bda39fbd4e78d765712185b7577625bbe4f08,2026-08-18T03:04:32Z,10.1
FL,paper,social,data/soc-flickr-growth.norm.txt,24697443,8442574,0,2302925,1162422000,1179439200,17017200,28276,642,4944302482,200.194914,OK,ae04d236321b440db4491d279c0530de,c685d0293a1dda95156a63402c7bda39fbd4e78d765712185b7577625bbe4f08,2026-08-18T03:04:42Z,10.2
ACL,paper,product-review,data/AmzClothing.norm.txt,65179586,0,0,29770256,900129224,1694566894,794437670,276177,15,280520976,4.303816,OK,ae04d236321b440db4491d279c0530de,c685d0293a1dda95156a63402c7bda39fbd4e78d765712185b7577625bbe4f08,2026-08-18T03:05:16Z,34.1
AHO,paper,product-review,data/AmzHomeKitchen.norm.txt,66623880,0,0,26970266,896410004,1694571465,798161461,83830,18,341164076,5.120748,OK,ae04d236321b440db4491d279c0530de,c685d0293a1dda95156a63402c7bda39fbd4e78d765712185b7577625bbe4f08,2026-08-18T03:05:51Z,34.7
BTCA,small,financial-trust,data/bitcoinalpha.txt,16863,7323,0,3783,1289192400,1453438800,164246400,715,25,179650,10.653502,OK,ae04d236321b440db4491d279c0530de,c685d0293a1dda95156a63402c7bda39fbd4e78d765712185b7577625bbe4f08,2026-08-18T03:05:51Z,0.0
BTCO,small,financial-trust,data/bitcoinotc.txt,35567,25,0,5881,1289241911,1453684323,164442412,1298,35,512321,14.404392,OK,ae04d236321b440db4491d279c0530de,c685d0293a1dda95156a63402c7bda39fbd4e78d765712185b7577625bbe4f08,2026-08-18T03:05:51Z,0.0
CMSG,small,messaging,data/CollegeMsg.txt,59795,40,0,1899,1082040961,1098777142,16736181,1545,197,5125337,85.715143,OK,ae04d236321b440db4491d279c0530de,c685d0293a1dda95156a63402c7bda39fbd4e78d765712185b7577625bbe4f08,2026-08-18T03:05:51Z,0.1
MATH,small,question-answering,data/mathoverflow.txt,390414,27,0,24759,1254192988,1457261724,203068736,7421,365,45217133,115.818421,OK,ae04d236321b440db4491d279c0530de,c685d0293a1dda95156a63402c7bda39fbd4e78d765712185b7577625bbe4f08,2026-08-18T03:05:51Z,0.1
BTCA_sc,small,financial-trust,data/bitcoinalpha.txt,16863,7323,0,3783,1289192400,1453438800,164246400,715,25,179650,10.653502,OK,ae04d236321b440db4491d279c0530de,c685d0293a1dda95156a63402c7bda39fbd4e78d765712185b7577625bbe4f08,2026-08-18T03:05:51Z,0.0
BTCO_sc,small,financial-trust,data/bitcoinotc.txt,35567,25,0,5881,1289241911,1453684323,164442412,1298,35,512321,14.404392,OK,ae04d236321b440db4491d279c0530de,c685d0293a1dda95156a63402c7bda39fbd4e78d765712185b7577625bbe4f08,2026-08-18T03:05:52Z,0.0
CMSG_sc,small,messaging,data/CollegeMsg.txt,59795,40,0,1899,1082040961,1098777142,16736181,1545,197,5125337,85.715143,OK,ae04d236321b440db4491d279c0530de,c685d0293a1dda95156a63402c7bda39fbd4e78d765712185b7577625bbe4f08,2026-08-18T03:05:52Z,0.1
MATH_sc,small,question-answering,data/mathoverflow.txt,104138,0,3443,21594,1254192988,1457261621,203068633,1795,66,2323652,22.313200,OK,ae04d236321b440db4491d279c0530de,c685d0293a1dda95156a63402c7bda39fbd4e78d765712185b7577625bbe4f08,2026-08-18T03:05:52Z,0.1
EMAILEU,small,email,data/email-eu.txt,327333,5001,0,986,0,69459254,69459254,10462,4878,267624198,817.590032,OK,ae04d236321b440db4491d279c0530de,c685d0293a1dda95156a63402c7bda39fbd4e78d765712185b7577625bbe4f08,2026-08-18T03:05:52Z,0.1
HEPPH,cand,citation,data/ca-cit-HepPh.norm.txt,4596803,0,0,28093,700614000,1015887601,315273601,11134,693,1514695094,329.510552,OK,ae04d236321b440db4491d279c0530de,c685d0293a1dda95156a63402c7bda39fbd4e78d765712185b7577625bbe4f08,2026-08-18T03:05:53Z,1.5
HEPTH,cand,citation,data/ca-cit-HepTh.norm.txt,2673133,0,0,22908,749430000,1015887601,266457601,11967,561,706417584,264.265783,OK,ae04d236321b440db4491d279c0530de,c685d0293a1dda95156a63402c7bda39fbd4e78d765712185b7577625bbe4f08,2026-08-18T03:05:54Z,0.8
THIERS,cand,physical-proximity,data/copresence-Thiers13.norm.txt,18613039,0,0,328,29960,410380,380420,195938,90850,1472778351967,79126.162685,OK,ae04d236321b440db4491d279c0530de,c685d0293a1dda95156a63402c7bda39fbd4e78d765712185b7577625bbe4f08,2026-08-18T03:05:58Z,4.2
ML25M,cand,movie-rating,data/ml-25m.norm.txt,25000095,0,0,221588,789652009,1574327703,784675694,81491,636,7658346924,306.332713,OK,ae04d236321b440db4491d279c0530de,c685d0293a1dda95156a63402c7bda39fbd4e78d765712185b7577625bbe4f08,2026-08-18T03:06:05Z,6.2
AMZRAT,cand,product-review,data/rec-amazon-ratings.norm.txt,5776674,61367,0,3376972,833493600,1148853600,315360000,12195,28,25645610,4.439511,OK,ae04d236321b440db4491d279c0530de,c685d0293a1dda95156a63402c7bda39fbd4e78d765712185b7577625bbe4f08,2026-08-18T03:06:07Z,2.9
AMZELEC,cand,product-review,data/Amazon-Electronics.norm.txt,7824482,0,0,4677698,912729600,1406073600,493344000,18244,15,23952451,3.061219,OK,ae04d236321b440db4491d279c0530de,c685d0293a1dda95156a63402c7bda39fbd4e78d765712185b7577625bbe4f08,2026-08-18T03:06:11Z,3.2
ASKUB,cand,question-answering,data/askubuntu.txt,257305,0,22797,134035,0,225833889,225833889,2705,56,1569085,6.098152,OK,ae04d236321b440db4491d279c0530de,c685d0293a1dda95156a63402c7bda39fbd4e78d765712185b7577625bbe4f08,2026-08-18T03:06:11Z,0.1
ASKUB_A2Q,cand,question-answering,data/askubuntu-a2q.txt,257305,0,0,134035,1231431607,1457265496,225833889,2705,56,1569085,6.098152,OK,ae04d236321b440db4491d279c0530de,c685d0293a1dda95156a63402c7bda39fbd4e78d765712185b7577625bbe4f08,2026-08-18T03:06:11Z,0.1
ASKUB_C2Q,cand,question-answering,data/askubuntu-c2q.txt,215491,4,0,76579,1280370637,1457265339,176894702,4879,80,1626306,7.546979,OK,ae04d236321b440db4491d279c0530de,c685d0293a1dda95156a63402c7bda39fbd4e78d765712185b7577625bbe4f08,2026-08-18T03:06:11Z,0.1
SOCBTC,cand,financial-blockchain,data/soc-bitcoin.norm.txt,122378012,570150,0,24575382,1231731025,1388267720,156536695,5563402,450236,4075144215344,33299.643855,OK,ae04d236321b440db4491d279c0530de,c685d0293a1dda95156a63402c7bda39fbd4e78d765712185b7577625bbe4f08,2026-08-18T03:06:47Z,35.9
BRIGHTKITE,new,mobility-lbsn,data/loc-brightkite.norm.txt,4702731,44550,0,824372,1206131781,1287427198,81295417,250039,2100,1474534371,313.548526,OK,ae04d236321b440db4491d279c0530de,c685d0293a1dda95156a63402c7bda39fbd4e78d765712185b7577625bbe4f08,2026-08-18T03:39:47Z,1.3
GOWALLA,new,mobility-lbsn,data/loc-gowalla.norm.txt,6442291,601,0,1388061,1233724658,1287811326,54086668,5811,523,115552059,17.936485,OK,ae04d236321b440db4491d279c0530de,c685d0293a1dda95156a63402c7bda39fbd4e78d765712185b7577625bbe4f08,2026-08-18T03:39:49Z,2.5
SUPERUSER,new,question-answering,data/sx-superuser.norm.txt,1108715,24,334600,192409,1217651565,1457266493,239614928,27183,241,35770033,32.262604,OK,ae04d236321b440db4491d279c0530de,c685d0293a1dda95156a63402c7bda39fbd4e78d765712185b7577625bbe4f08,2026-08-18T03:39:50Z,0.4
STACKOV,new,question-answering,data/sx-stackoverflow.norm.txt,47902566,700,15593784,2584164,1217567877,1457273425,239705548,134963,1280,5692033424,118.825230,OK,ae04d236321b440db4491d279c0530de,c685d0293a1dda95156a63402c7bda39fbd4e78d765712185b7577625bbe4f08,2026-08-18T03:40:05Z,16.0
DBLPCA,new,co-authorship,data/dblp-coauthor.norm.txt,11859561,17615241,0,1821070,61,1514764861,1514764800,2606,562,264757513,22.324394,OK,ae04d236321b440db4491d279c0530de,c685d0293a1dda95156a63402c7bda39fbd4e78d765712185b7577625bbe4f08,2026-08-18T03:40:13Z,7.3
BRIGHTKITE,new,mobility-lbsn,data/loc-brightkite.norm.txt,4702731,44550,0,824372,1206131781,1287427198,81295417,250039,2100,1474534371,313.548526,OK,ae04d236321b440db4491d279c0530de,c685d0293a1dda95156a63402c7bda39fbd4e78d765712185b7577625bbe4f08,2026-08-18T03:51:00Z,1.3
GOWALLA,new,mobility-lbsn,data/loc-gowalla.norm.txt,6442291,601,0,1388061,1233724658,1287811326,54086668,5811,523,115552059,17.936485,OK,ae04d236321b440db4491d279c0530de,c685d0293a1dda95156a63402c7bda39fbd4e78d765712185b7577625bbe4f08,2026-08-18T03:51:02Z,2.5
SUPERUSER,new,question-answering,data/sx-superuser.norm.txt,1108715,24,334600,192409,1217651565,1457266493,239614928,27183,241,35770033,32.262604,OK,ae04d236321b440db4491d279c0530de,c685d0293a1dda95156a63402c7bda39fbd4e78d765712185b7577625bbe4f08,2026-08-18T03:51:03Z,0.3
STACKOV,new,question-answering,data/sx-stackoverflow.norm.txt,47902566,700,15593784,2584164,1217567877,1457273425,239705548,134963,1280,5692033424,118.825230,OK,ae04d236321b440db4491d279c0530de,c685d0293a1dda95156a63402c7bda39fbd4e78d765712185b7577625bbe4f08,2026-08-18T03:51:19Z,16.6
DBLPCA,new,co-authorship,data/dblp-coauthor.norm.txt,11859561,17615241,0,1821070,61,1514764861,1514764800,2606,562,264757513,22.324394,OK,ae04d236321b440db4491d279c0530de,c685d0293a1dda95156a63402c7bda39fbd4e78d765712185b7577625bbe4f08,2026-08-18T03:51:27Z,7.7
LASTFM,new,music-streaming,data/lastfm-song.norm.txt,19150554,52,262,1084620,1108339207,1380479524,272140317,183116,2119,6038961525,315.341349,OK,ae04d236321b440db4491d279c0530de,c685d0293a1dda95156a63402c7bda39fbd4e78d765712185b7577625bbe4f08,2026-08-18T03:51:31Z,4.1
PROSPER,new,financial-lending,data/prosper-loans.norm.txt,3343278,51701,0,89269,1132012800,1317081600,185068800,6969,113,211904046,63.382120,OK,ae04d236321b440db4491d279c0530de,c685d0293a1dda95156a63402c7bda39fbd4e78d765712185b7577625bbe4f08,2026-08-18T03:51:32Z,0.9
WIKICONF,new,wiki-conflict,data/wikiconflict.norm.txt,2917774,11,0,116836,998899306,1237900499,239001193,136192,562,310513468,106.421357,OK,ae04d236321b440db4491d279c0530de,c685d0293a1dda95156a63402c7bda39fbd4e78d765712185b7577625bbe4f08,2026-08-18T03:51:33Z,0.8
DIGG,new,social-news,data/digg-friends.norm.txt,1726173,3810,0,279374,1123334570,1247032805,123698235,11654,209,123159090,71.348057,OK,ae04d236321b440db4491d279c0530de,c685d0293a1dda95156a63402c7bda39fbd4e78d765712185b7577625bbe4f08,2026-08-18T03:51:33Z,0.5
ASTOPO,new,internet-topology,data/as-topology.norm.txt,154841,16562,0,34761,1266192000,1268208004,2016004,4581,147,6399436,41.329080,OK,ae04d236321b440db4491d279c0530de,c685d0293a1dda95156a63402c7bda39fbd4e78d765712185b7577625bbe4f08,2026-08-18T03:51:33Z,0.1
