label,status,rc,seed_s,init_s,departure_s,drop_s,cascade_s,arm_s,sweep_s,total_s,load_s,accounted_s,wall,peak_rss_kb,work,loadavg,utc,machine_id,sha
BTCA,OK,0,0.000392024,0.00621572,0.0753585,0.107554,0.087781,0.181437,0.491179,0.497787,0.00925776,0.452130,0:00.56,12256,5199085,7.05,2026-08-22T07:50:32Z,ae04d236321b440db4491d279c0530de,e5aad5296d3ddb4c6f2a9753b3d3e84b230640cddb1efc90d806fc17cf1e2782
ASTOPO,OK,0,0.0033843,0.130735,1.5531,4.29127,2.40042,5.0131,14.7198,14.8539,0.0580997,13.257890,0:15.20,140952,136696956,7.05,2026-08-22T07:50:47Z,ae04d236321b440db4491d279c0530de,e5aad5296d3ddb4c6f2a9753b3d3e84b230640cddb1efc90d806fc17cf1e2782
SUPERUSER,OK,0,0.0438035,1.01567,33.1029,45.792,23.0245,56.3107,189.108,190.167,0.334872,158.230100,3:10.84,825008,844754250,7.04,2026-08-22T07:53:58Z,ae04d236321b440db4491d279c0530de,e5aad5296d3ddb4c6f2a9753b3d3e84b230640cddb1efc90d806fc17cf1e2782
AMZRAT,OK,0,0.537691,4.97244,47.8615,36.6606,20.7025,51.9473,204.2,209.71,2.3124,157.171900,3:33.22,1822872,719814274,10.71,2026-08-22T07:57:31Z,ae04d236321b440db4491d279c0530de,e5aad5296d3ddb4c6f2a9753b3d3e84b230640cddb1efc90d806fc17cf1e2782
HEPTH,OK,0,0.0685146,11.5432,2.55981,85.8088,38.0229,60.2029,200.561,212.173,2.12437,186.594410,3:35.43,11662924,1662607031,16.15,2026-08-22T08:01:07Z,ae04d236321b440db4491d279c0530de,e5aad5296d3ddb4c6f2a9753b3d3e84b230640cddb1efc90d806fc17cf1e2782
AMZELEC,OK,0,0.68069,6.69754,75.5523,35.7725,18.8388,66.2411,247.238,254.616,3.91089,196.404700,4:20.01,2293776,845710241,7.99,2026-08-22T08:05:27Z,ae04d236321b440db4491d279c0530de,e5aad5296d3ddb4c6f2a9753b3d3e84b230640cddb1efc90d806fc17cf1e2782
DBLPCA,OK,0,0.802994,11.6694,41.3606,117.134,66.8178,108.006,377.101,389.574,8.90818,333.318400,6:41.09,7248400,2704821487,6.62,2026-08-22T08:12:08Z,ae04d236321b440db4491d279c0530de,e5aad5296d3ddb4c6f2a9753b3d3e84b230640cddb1efc90d806fc17cf1e2782
DIGG,OK,0,0.0949253,3.13916,81.7169,192.675,98.6243,212.342,670.6,673.834,0.551279,585.358200,11:14.84,2336284,3298565646,8.38,2026-08-22T08:23:23Z,ae04d236321b440db4491d279c0530de,e5aad5296d3ddb4c6f2a9753b3d3e84b230640cddb1efc90d806fc17cf1e2782
PROSPER,OK,0,0.142418,4.55078,63.067,295.876,138.958,236.765,806.165,810.858,1.17997,734.666000,13:33.00,4090552,4488297072,8.35,2026-08-22T08:36:56Z,ae04d236321b440db4491d279c0530de,e5aad5296d3ddb4c6f2a9753b3d3e84b230640cddb1efc90d806fc17cf1e2782
YT,OK,0,0.996241,12.8895,98.1136,313.305,113.558,235.898,848.659,862.545,4.52846,760.874600,14:29.77,6290164,3645102828,7.35,2026-08-22T08:51:26Z,ae04d236321b440db4491d279c0530de,e5aad5296d3ddb4c6f2a9753b3d3e84b230640cddb1efc90d806fc17cf1e2782
GOWALLA,OK,0,0.531954,9.83163,154.571,158.529,96.5821,210.959,794.41,804.774,2.66984,620.641100,13:28.76,3336148,2980210374,6.81,2026-08-22T09:04:55Z,ae04d236321b440db4491d279c0530de,e5aad5296d3ddb4c6f2a9753b3d3e84b230640cddb1efc90d806fc17cf1e2782
ENR,OK,0,0.0339912,4.65849,104.84,308.376,187.976,390.183,1096.78,1101.47,0.24968,991.375000,18:22.12,4426156,6811499373,6.33,2026-08-22T09:23:17Z,ae04d236321b440db4491d279c0530de,e5aad5296d3ddb4c6f2a9753b3d3e84b230640cddb1efc90d806fc17cf1e2782
EPI,OK,0,0.593511,17.123,59.4048,444.949,161.339,334.575,1085.45,1103.17,4.26509,1000.267800,18:30.46,13534824,5855897890,6.24,2026-08-22T09:41:48Z,ae04d236321b440db4491d279c0530de,e5aad5296d3ddb4c6f2a9753b3d3e84b230640cddb1efc90d806fc17cf1e2782
WIKICONF,OK,0,0.087586,5.2312,117.646,327.702,167.437,347.877,1070.11,1075.43,0.837516,960.662000,17:57.05,5533984,7267640480,5.24,2026-08-22T09:59:45Z,ae04d236321b440db4491d279c0530de,e5aad5296d3ddb4c6f2a9753b3d3e84b230640cddb1efc90d806fc17cf1e2782
AB,OK,0,2.33335,23.1499,269.019,254.884,125.257,314.493,1182.9,1208.39,9.43914,963.653000,20:21.97,7737464,4082871187,5.13,2026-08-22T10:20:07Z,ae04d236321b440db4491d279c0530de,e5aad5296d3ddb4c6f2a9753b3d3e84b230640cddb1efc90d806fc17cf1e2782
HEPPH,OK,0,0.13361,23.6185,38.7167,829.088,417.447,834.598,2251.17,2274.93,1.24829,2119.849700,37:57.81,24733464,19543820638,7.18,2026-08-22T10:58:06Z,ae04d236321b440db4491d279c0530de,e5aad5296d3ddb4c6f2a9753b3d3e84b230640cddb1efc90d806fc17cf1e2782
ACL,OK,0,9.08526,92.9036,1239,707.881,302.039,1071,4764.35,4866.34,75.9187,3319.920000,1:22:33,20118136,9786432064,8.03,2026-08-22T12:20:41Z,ae04d236321b440db4491d279c0530de,e5aad5296d3ddb4c6f2a9753b3d3e84b230640cddb1efc90d806fc17cf1e2782
AHO,OK,0,9.68521,116.928,1703.21,1055.61,416.95,1453.6,6421.04,6547.65,114.763,4629.370000,1:51:15,21365172,11837481691,14.70,2026-08-22T14:11:57Z,ae04d236321b440db4491d279c0530de,e5aad5296d3ddb4c6f2a9753b3d3e84b230640cddb1efc90d806fc17cf1e2782
WT,OK,0,0.405986,20.8953,773.664,1494.45,926.568,1893,5946.7,5968.01,1.76118,5087.682000,1:39:31,19021456,27794187761,7.30,2026-08-22T15:51:29Z,ae04d236321b440db4491d279c0530de,e5aad5296d3ddb4c6f2a9753b3d3e84b230640cddb1efc90d806fc17cf1e2782
BRIGHTKITE,OK,0,0.256261,25.9683,781.906,1548.46,1444.34,2753.2,7460.64,7486.86,3.74599,6527.906000,2:04:52,24186864,45657735750,7.39,2026-08-22T17:56:23Z,ae04d236321b440db4491d279c0530de,e5aad5296d3ddb4c6f2a9753b3d3e84b230640cddb1efc90d806fc17cf1e2782
FL,OK,0,1.433,113.852,230.497,3841.4,1562.03,2920.27,9137.39,9252.67,11.5334,8554.197000,2:34:34,83177232,56161278773,7.01,2026-08-22T20:30:58Z,ae04d236321b440db4491d279c0530de,e5aad5296d3ddb4c6f2a9753b3d3e84b230640cddb1efc90d806fc17cf1e2782
