label,edges,Dmax,floor,delta_core_star,phase_seed_s,phase_init_s,phase_sweep_s,phase_total_s,phase_departure_s,phase_drop_s,phase_cascade_s,phase_arm_s,profile,sweep_s,total_s,load_s,wall,user_s,sys_s,peak_rss_kb,mb_csr_mb,mb_edges_pos_mb,mb_c_mb,mb_occ_mb,mb_lvl_dir_mb,mb_side_state_mb,mb_timer_queue_peak_mb,mb_queue_dir_mb,mb_sink_mb,mb_drops_mb,mb_analytic_total_mb,mb_m,mb_n,mb_occ_entries,mb_nlvls,mb_queue_peak_entries,mb_queue_batch_peak,stream_bytes,stream_records,stream_groups,spool_peak,validate,validate_mism,validate_of,stream_verify,checksums,arms,recomputes,timer_wakes,stale_pops,budget_wakes,false_alarms,real_alarms,h_drop_units,breakpoints,occ_counts,occ_deletes,range_adds,timer_probes,cheap_rearms,work,log,cmd
BTCA,16863,164246400,0,152928000,0.000741286,0.00859167,0.616037,0.62537,,,,,off,0.624655,0.630957,0.0267514,0:00.73,0.64,0.02,12328,0.543488,0.628654,0.0643272,2.74124,0.244827,1.4152,0.610443,0,0.0801392,0,6.3283,16863,3783,359300,17609,32126,7625,1373748,157675,2791,2147,NOVALIDATE,,,OK,OK,604296,604296,160517,15061,443779,339655,264641,269142,157904,1126392,323342,224426,1466133,565997,5199085,P-BTCA-kcs.log,timeout -k 60 10800 data/kcs data/bitcoinalpha.txt --stream data/BTCA.kcs.strm --novalidate
ASTOPO,154841,2016004,0,2016004,0.00323101,0.132112,12.9397,13.0751,,,,,off,13.072,13.1082,0.0521146,0:13.43,13.18,0.08,141084,4.99059,5.18134,0.590672,97.6476,2.22195,12.9948,5.56629,0,0.330963,0,129.5242,154841,34761,12798872,159395,279190,56421,46891004,4982593,400666,40903,EXACT,0,154841,,,14154586,14154586,2102679,463581,12051907,7672152,6482434,7534152,5115397,30043889,12168268,7163094,37695660,13319140,136696956,R-ASTOPO.log,timeout -k 60 1800 data/kcs data/as-topology.norm.txt --stream data/ASTOPO.kcs.strm
AMZELEC,7824482,493344000,0,473990400,0.678813,6.67833,224.822,232.179,,,,,off,231.506,233.567,5.03262,4:02.00,237.29,2.78,2293652,274.472,187.696,29.848,365.485,145.538,656.657,276.633,0,1.99525,0,1938.3243,7824482,4677698,47904902,8039638,11809300,1722719,155202904,15477914,5089,231610,EXACT,0,7824482,,,91761086,91761086,43479337,1974247,48281749,60843945,30917141,31555269,15481762,167956273,32112548,23590683,318801709,86197340,845710241,R-AMZELEC.log,timeout -k 60 2778 data/kcs data/Amazon-Electronics.norm.txt --stream data/AMZELEC.kcs.strm
AMZRAT,5776674,315360000,0,312422400,0.535101,4.73045,177.156,182.422,,,,,off,181.89,183.467,2.23062,3:07.96,185.46,2.36,1822924,202.054,172.073,22.0363,391.321,109.056,484.798,202.327,0,1.00114,0,1584.6664,5776674,3376972,51291220,6152497,9202348,978067,180844680,19699424,8897,61838,EXACT,0,5776674,,,83198864,83198864,31984835,1480036,51214029,50001990,33196874,33377274,19701396,159530880,39714964,29127447,213691625,76494320,719814274,R-AMZRAT.log,timeout -k 60 2196 data/kcs data/rec-amazon-ratings.norm.txt --stream data/AMZRAT.kcs.strm
SUPERUSER,1108715,239614928,0,236962674,0.0427257,1.0062,160.271,161.32,,,,,off,161.278,161.54,0.329838,2:42.33,160.89,1.17,825008,35.3033,40.4588,4.22941,545.807,15.0788,93.0471,38.0728,0,0.225922,0,772.2231,1108715,192409,71540066,1125191,2161673,1545,372481596,34660626,5672593,7798,EXACT,0,1108715,,,92798382,92798382,20980676,1147415,71817706,50411614,42386768,42387467,34660629,178488073,69322636,46182445,234188617,87440833,844754250,R-SUPERUSER.log,timeout -k 60 1800 data/kcs data/sx-superuser.norm.txt --stream data/SUPERUSER.kcs.strm
GOWALLA,6442291,54086668,0,53875041,0.464569,7.62556,712.491,720.582,,,,,off,720.121,721.823,2.5368,12:07.38,713.79,6.62,3336060,207.193,177.151,24.5754,1763.18,94.2454,540.659,221.429,0,0.861732,0,3029.2945,6442291,1388061,231104118,6847225,12378526,42161,1087790876,109107996,11822344,7136,EXACT,0,6442291,,,336438066,336438066,86635525,7880497,249802541,178915592,157522474,157524260,109108013,644887002,218219536,141244371,824304452,313274124,2980210374,R-GOWALLA.log,timeout -k 60 4011 data/kcs data/loc-gowalla.norm.txt --stream data/GOWALLA.kcs.strm
DIGG,1726173,123698235,0,123672477,0.109535,4.00752,587.366,591.483,,,,,off,591.375,592.018,0.683437,9:54.01,574.85,3.95,2336240,54.8101,45.1697,6.58483,1879.26,23.4887,144.866,60.2637,0,0.76828,0,2215.2113,1726173,279374,246318180,1773095,3304076,180677,1176979284,121351800,12453747,118352,NOVALIDATE,,,OK,OK,359861116,359861116,50684605,1130302,309176511,210654093,149207023,149287146,121353348,654541630,242865818,163725240,1026061666,341231612,3298565646,P-DIGG-kcs.log,timeout -k 60 10800 data/kcs data/digg-friends.norm.txt --stream data/DIGG.kcs.strm --novalidate
AB,22507155,573523200,0,572659200,2.34059,23.106,1092.76,1118.21,,,,,off,1115.89,1122.19,10.043,18:53.44,1123.78,7.79,7737348,765.877,683.716,85.858,2244.99,383.929,1888.88,804.722,0,6.74557,0,6864.7176,22507155,10356390,294255784,23191836,37920803,5054792,1065134132,121875845,6157,606558,NOVALIDATE,,,OK,OK,455812346,455812346,153252742,10508274,302559604,266698090,189114256,191877095,121938144,878987696,248816740,179338239,1245499048,416219403,4082871187,P-AB-kcs.log,timeout -k 60 10800 data/kcs data/Amazon-Books.norm.txt --stream data/AB.kcs.strm --novalidate
PROSPER,3343278,185068800,0,184982400,0.130876,4.59799,665.008,669.737,,,,,off,669.608,670.632,1.37414,11:14.76,670.10,4.24,4090424,102.71,89.5072,12.7536,3233.4,39.9033,280.579,130.783,0,16.4611,0,3906.0972,3343278,89269,423808092,3397532,4658602,2279665,1335827736,165302704,2047,2282532,EXACT,0,3343278,,,526533747,526533747,38186098,16745293,488347649,305567943,220965804,252756960,172500075,1036092856,401818448,260737698,974030909,493047414,4488297072,R-PROSPER.log,timeout -k 60 5700 data/kcs data/prosper-loans.norm.txt --stream data/PROSPER.kcs.strm
YT,12223774,19436400,0,19436400,0.901842,11.4045,699.888,712.195,,,,,off,711.302,714.433,4.53439,11:59.43,711.52,7.36,6290124,397.634,349.26,46.63,3305.64,179.772,1025.86,483.67,0,33.5197,0,5821.9857,12223774,3223589,433276222,12485163,22534894,9598326,1086641744,129717613,344,4787534,NOVALIDATE,,,OK,OK,346109631,346109631,62917477,28607534,283192154,174765336,171344295,209847245,140645357,826250938,346417898,230089402,998882832,312787717,3645102828,P-YT-kcs.log,timeout -k 60 10800 data/kcs data/soc-youtube-growth.norm.txt --stream data/YT.kcs.strm --novalidate
DBLPCA,11859561,1514764800,0,1483228800,0.776198,11.3152,318.04,330.132,,,,,off,329.366,332.344,20.912,6:02.19,349.15,5.16,7248468,375.819,602.481,45.2406,4039.88,174.219,995.294,471.166,0,33.4763,0,6737.5759,11859561,1821070,529515026,13402441,20073412,12118271,575012764,65946621,82,4854626,EXACT,0,11859561,,,250810349,250810349,37596726,33266044,213213623,127055894,123754455,240586925,86100309,664522167,307534908,164022928,566442645,226825172,2704821487,R-DBLPCA.log,timeout -k 60 11400 data/kcs data/dblp-coauthor.norm.txt --stream data/DBLPCA.kcs.strm
ENR,1133968,116438640,0,112092034,0.0327785,4.64468,885.854,890.532,,,,,off,890.5,890.939,0.292731,14:51.33,874.55,16.49,4426028,35.2682,40.6515,4.32574,4059.82,14.2988,95.1664,39.1819,0,0.447685,0,4289.1602,1133968,86806,532128150,1162641,2207938,41539,2154110520,250563297,9066752,32971,NOVALIDATE,,,OK,OK,707877119,707877119,58131705,4630995,649745414,414636811,293240308,303583147,255000545,1303227269,529849114,317449748,2245641204,691363658,6811499373,P-ENR-kcs.log,timeout -k 60 10800 data/kcs data/enron.txt --stream data/ENR.kcs.strm --novalidate
ACL,65179586,794437670,0,749867511,8.80934,83.3013,3972.03,4064.14,,,,,off,4055.37,4075.55,33.1024,1:09:03,4085.85,43.26,20118140,2216.25,1521.28,248.64,4280.41,1109.86,5470.09,2238.01,0,9.83252,0,17094.3725,65179586,29770256,561041952,67211057,115414652,57908,2780654784,215338911,49826557,445267,EXACT,0,65179586,,,1055075591,1055075591,473952469,12791353,581123122,681352488,373723103,373725907,215338915,1912460437,430682780,316785121,3654623333,975211951,9786432064,R-ACL.log,timeout -k 60 16500 data/kcs data/AmzClothing.norm.txt --stream data/ACL.kcs.strm
WIKICONF,2917774,239001193,0,229396699,0.0855896,5.46326,1096.02,1101.57,,,,,off,1101.49,1102.47,0.834983,18:24.77,1089.40,14.60,5533984,89.9348,86.2608,11.1304,4738.06,35.2404,244.869,100.674,0,0.910332,0,5307.0797,2917774,116836,621026936,2962518,5751716,91202,2630446248,302743542,12301661,88236,EXACT,0,2917774,,,810704782,810704782,96405368,6700100,714299414,458175251,352529531,357930591,303011706,1521775682,615188320,395782961,1975767590,773085672,7267640480,R-WIKICONF.log,timeout -k 60 6465 data/kcs data/wikiconflict.norm.txt --stream data/WIKICONF.kcs.strm
AHO,66623880,798161461,0,782233012,8.5736,98.7753,4931.02,5038.37,,,,,off,5029.84,5050.13,34.4647,1:25:21,5044.65,56.18,21365104,2238.97,1532.3,254.15,5205.75,1086.71,5591.3,2287.6,0,10.0047,0,18206.7847,66623880,26970266,682328152,67987678,120214337,52599,3416981088,274536550,59637058,381550,EXACT,0,66623880,,,1262528743,1262528743,538335885,15522188,724192858,805904939,456623804,456628027,274536554,2288511789,549080392,400407688,4439944895,1162329226,11837481691,R-AHO.log,timeout -k 60 17700 data/kcs data/AmzHomeKitchen.norm.txt --stream data/AHO.kcs.strm
EPI,13668320,43628400,0,43628400,0.557178,17.447,982.545,1000.55,,,,,off,1000,1004.49,7.01894,16:51.99,990.06,13.40,13534888,423.809,360.281,52.1405,10106.7,168.243,1147.09,501.265,0,17.6919,0,12777.2204,13668320,876252,1324699588,13825047,20008795,6506458,1271314064,152077588,1240,3520532,NOVALIDATE,,,OK,OK,556654015,556654015,39726755,38003471,516927260,313602885,243051130,351143966,191736783,1230326185,551749282,338326778,1717331021,515709157,5855897890,P-EPI-kcs.log,timeout -k 60 10800 data/kcs data/rec-epinions-user-ratings.norm.txt --stream data/EPI.kcs.strm --novalidate
HEPTH,2673133,266457601,0,266457601,0.0888749,11.3019,165.306,176.697,,,,,off,176.611,177.727,0.892722,3:24.63,199.05,5.47,11662756,81.7523,84.3944,10.1972,10779.1,32.5814,224.338,92.775,0,4.38116,0,11309.5195,2673133,22908,1412835168,2824099,3232866,172728,317553500,38353833,1879,813522,EXACT,0,2673133,,,168016979,168016979,3920317,3350676,164096662,99666193,68350786,178938306,61607853,347289134,276895848,151720627,205712554,162665928,1662607031,R-HEPTH.log,timeout -k 60 9600 data/kcs data/ca-cit-HepTh.norm.txt --stream data/HEPTH.kcs.strm
WT,6092321,196754850,0,196754823,0.309092,20.4318,5132.05,5152.79,,,,,off,5152.49,5155.22,1.84636,1:25:59,4915.12,85.54,19021472,194.27,174.481,23.2404,17176.5,83.1676,511.288,209.663,0,1.28876,0,18373.8988,6092321,1094018,2251356128,6173277,11630382,94522,9731537068,1119571641,46912151,87981,EXACT,0,6092321,,,2992292021,2992292021,303572932,12644909,2688719089,1727246304,1265045717,1265059947,1119571735,5460500105,2239171486,1333559251,8571739576,2926928445,27794187761,R-WT.log,timeout -k 60 14700 data/kcs data/wiki-talk.txt --stream data/WT.kcs.strm
BRIGHTKITE,4702731,81295417,0,80872207,0.287689,24.1458,5804.05,5828.49,,,,,off,5828.2,5830.39,2.28175,1:37:14,5746.17,72.83,24186912,149.805,163.879,17.9395,22499.6,77.0943,394.669,161.956,0,0.873116,0,23465.8159,4702731,824372,2949068742,5912231,8961275,103362,12382498932,1469822803,37819084,46813,EXACT,0,4702731,,,5344523953,5344523953,335580224,107359093,5008943729,2854770256,2489753697,2489763638,1469824407,9341219912,2939663176,1365660038,13404836701,5320185286,45657735750,R-BRIGHTKITE.log,timeout -k 60 20100 data/kcs data/loc-brightkite.norm.txt --stream data/BRIGHTKITE.kcs.strm
HEPPH,4596803,315273601,0,315273601,0.188477,23.6639,1925.46,1949.31,,,,,off,1949.13,1951.17,1.63521,32:50.31,1943.32,26.51,24733204,140.498,163.071,17.5354,23112.4,53.6468,385.779,159.819,0,8.61049,0,24041.3597,4596803,28093,3029390188,4659634,7504170,311858,3653949420,454426926,9160,1151673,EXACT,0,4596803,,,1934966988,1934966988,38620271,28286384,1896346717,1201616560,733350428,1141368002,628387176,3777131219,1965202788,1161388213,5717244061,1883265995,19543820638,R-HEPPH.log,timeout -k 60 20700 data/kcs data/ca-cit-HepPh.norm.txt --stream data/HEPPH.kcs.strm
FL,24697443,17017200,0,17017200,1.34201,89.5787,8465.67,8556.59,,,,,off,8555.27,8566.09,128.464,2:28:48,8556.83,262.85,83177308,771.276,700.427,94.2133,75444.1,318.463,2072.69,911.92,0,131.007,0,80444.0963,24697443,2302925,9888604964,25524779,45887827,15477540,9116224420,1127178653,324,18289969,EXACT,0,24697443,,,5193475668,5193475668,122786848,269893062,5070688820,3005535972,2187939696,3851302987,1826567074,11112491487,6205202428,3663572937,15653921909,5017942627,56161278773,R-FL.log,timeout -k 60 64200 data/kcs data/soc-flickr-growth.norm.txt --stream data/FL.kcs.strm
