label,m,C0,kappa_max,MT,U_pairs,dedup,csr_bytes,tree_bytes,size_ratio,k,delta,delta_q,n_active,queries,exact,mean_C,mean_scan,mean_onset,mean_amp,p95_amp,max_amp,mean_tree_probe
AB,22507155,147127892,46,146982706,47259247,3.1101,558131224,4705188824,8.4303,1,0,0.125,22507155,60,60,57.6,318.3,285.0,4.1515,8.2500,12.5000,12.0
AB,22507155,147127892,46,146982706,47259247,3.1101,558131224,4705188824,8.4303,1,0,0.250,22507155,60,60,66.7,375.3,339.7,3.7914,7.0000,10.0000,12.0
AB,22507155,147127892,46,146982706,47259247,3.1101,558131224,4705188824,8.4303,1,86400,0.375,22507155,60,60,1896432.2,10220522.6,7378737.8,4.2457,6.7500,12.0000,12.0
AB,22507155,147127892,46,146982706,47259247,3.1101,558131224,4705188824,8.4303,1,86400,0.500,22507155,60,60,1517143.4,8176406.9,5902920.9,4.5060,9.0000,11.0000,12.0
AB,22507155,147127892,46,146982706,47259247,3.1101,558131224,4705188824,8.4303,1,345600,0.625,22507155,60,60,5249470.3,27395435.9,17902469.5,4.4660,6.1818,9.0000,12.0
AB,22507155,147127892,46,146982706,47259247,3.1101,558131224,4705188824,8.4303,1,1036800,0.750,22507155,60,60,8591007.6,42736309.2,25506546.6,4.2179,5.0000,6.0000,12.0
AB,22507155,147127892,46,146982706,47259247,3.1101,558131224,4705188824,8.4303,1,4492800,0.875,22507155,60,60,15653254.3,72706645.2,39039392.4,4.3727,4.6448,4.6448,12.0
AB,22507155,147127892,46,146982706,47259247,3.1101,558131224,4705188824,8.4303,10,7603200,0.125,4701968,10,10,592279.0,5251566.0,2691876.5,8.8667,8.8667,8.8667,12.0
AB,22507155,147127892,46,146982706,47259247,3.1101,558131224,4705188824,8.4303,10,12096000,0.250,4701968,17,17,1183445.0,10380277.0,5205992.9,8.7712,8.7712,8.7712,12.0
AB,22507155,147127892,46,146982706,47259247,3.1101,558131224,4705188824,8.4303,10,18144000,0.375,4701968,19,19,1765583.0,15039803.0,7366584.5,8.5183,8.5183,8.5183,12.0
AB,22507155,147127892,46,146982706,47259247,3.1101,558131224,4705188824,8.4303,10,27129600,0.500,4701968,24,24,2353639.0,19481179.0,9401544.9,8.2770,8.2770,8.2770,12.0
AB,22507155,147127892,46,146982706,47259247,3.1101,558131224,4705188824,8.4303,10,39484800,0.625,4701968,34,34,2940869.0,23875536.0,11479630.1,8.1185,8.1185,8.1185,12.0
AB,22507155,147127892,46,146982706,47259247,3.1101,558131224,4705188824,8.4303,10,64108800,0.750,4701968,46,46,3526880.0,28080171.0,13439493.5,7.9618,7.9618,7.9618,12.0
AB,22507155,147127892,46,146982706,47259247,3.1101,558131224,4705188824,8.4303,10,133660800,0.875,4701968,47,47,4114734.0,32128342.0,15340048.4,7.8081,7.8081,7.8081,12.0
AB,22507155,147127892,46,146982706,47259247,3.1101,558131224,4705188824,8.4303,19,15984000,0.125,2132212,7,7,267459.0,2401224.0,1250081.6,8.9779,8.9779,8.9779,12.0
AB,22507155,147127892,46,146982706,47259247,3.1101,558131224,4705188824,8.4303,19,24796800,0.250,2132212,10,10,533860.0,4837812.0,2494429.8,9.0619,9.0619,9.0619,12.0
AB,22507155,147127892,46,146982706,47259247,3.1101,558131224,4705188824,8.4303,19,33350400,0.375,2132212,26,26,801462.0,7286835.0,3750643.3,9.0919,9.0919,9.0919,12.0
AB,22507155,147127892,46,146982706,47259247,3.1101,558131224,4705188824,8.4303,19,44150400,0.500,2132212,36,36,1068455.0,9702024.0,4996197.4,9.0804,9.0804,9.0804,12.0
AB,22507155,147127892,46,146982706,47259247,3.1101,558131224,4705188824,8.4303,19,60825600,0.625,2132212,35,35,1332680.0,11977174.0,6093721.0,8.9873,8.9873,8.9873,12.0
AB,22507155,147127892,46,146982706,47259247,3.1101,558131224,4705188824,8.4303,19,95126400,0.750,2132212,48,48,1599725.0,14321128.0,7285647.8,8.9522,8.9522,8.9522,12.0
AB,22507155,147127892,46,146982706,47259247,3.1101,558131224,4705188824,8.4303,19,169344000,0.875,2132212,56,56,1865899.0,16649745.0,8510830.8,8.9232,8.9232,8.9232,12.0
AB,22507155,147127892,46,146982706,47259247,3.1101,558131224,4705188824,8.4303,28,19612800,0.125,960123,10,10,120171.0,1139469.0,645259.0,9.4821,9.4821,9.4821,12.0
AB,22507155,147127892,46,146982706,47259247,3.1101,558131224,4705188824,8.4303,28,34560000,0.250,960123,13,13,241073.0,2196403.0,1184801.0,9.1109,9.1109,9.1109,12.0
AB,22507155,147127892,46,146982706,47259247,3.1101,558131224,4705188824,8.4303,28,53222400,0.375,960123,18,18,360216.0,3324327.0,1789699.0,9.2287,9.2287,9.2287,12.0
AB,22507155,147127892,46,146982706,47259247,3.1101,558131224,4705188824,8.4303,28,75513600,0.500,960123,27,27,480197.0,4556746.0,2492672.0,9.4893,9.4893,9.4893,12.0
AB,22507155,147127892,46,146982706,47259247,3.1101,558131224,4705188824,8.4303,28,103766400,0.625,960123,36,36,601138.0,5782425.0,3169367.0,9.6191,9.6191,9.6191,12.0
AB,22507155,147127892,46,146982706,47259247,3.1101,558131224,4705188824,8.4303,28,147052800,0.750,960123,46,46,720130.0,6978334.0,3830202.4,9.6904,9.6904,9.6904,12.0
AB,22507155,147127892,46,146982706,47259247,3.1101,558131224,4705188824,8.4303,28,218160000,0.875,960123,54,54,840149.0,8184065.0,4506419.3,9.7412,9.7412,9.7412,12.0
AB,22507155,147127892,46,146982706,47259247,3.1101,558131224,4705188824,8.4303,37,24796800,0.125,180151,10,10,39150.0,404452.0,283496.0,10.3308,10.3308,10.3308,12.0
AB,22507155,147127892,46,146982706,47259247,3.1101,558131224,4705188824,8.4303,37,25228800,0.250,180151,16,16,50039.0,512709.0,343337.0,10.2462,10.2462,10.2462,12.0
AB,22507155,147127892,46,146982706,47259247,3.1101,558131224,4705188824,8.4303,37,26784000,0.375,180151,22,22,67767.0,680270.0,430494.0,10.0384,10.0384,10.0384,12.0
AB,22507155,147127892,46,146982706,47259247,3.1101,558131224,4705188824,8.4303,37,31017600,0.500,180151,34,34,90141.0,880395.0,530871.0,9.7669,9.7669,9.7669,12.0
AB,22507155,147127892,46,146982706,47259247,3.1101,558131224,4705188824,8.4303,37,39139200,0.625,180151,38,38,112773.0,1076189.0,629501.0,9.5430,9.5430,9.5430,12.0
AB,22507155,147127892,46,146982706,47259247,3.1101,558131224,4705188824,8.4303,37,69465600,0.750,180151,45,45,135126.0,1264237.0,727043.0,9.3560,9.3560,9.3560,12.0
AB,22507155,147127892,46,146982706,47259247,3.1101,558131224,4705188824,8.4303,37,90201600,0.875,180151,57,57,162636.0,1551762.0,905642.0,9.5413,9.5413,9.5413,12.0
AB,22507155,147127892,46,146982706,47259247,3.1101,558131224,4705188824,8.4303,46,59961600,0.125,37603,59,59,37027.0,384520.0,279730.0,10.3849,10.3849,10.3849,12.0
AB,22507155,147127892,46,146982706,47259247,3.1101,558131224,4705188824,8.4303,46,59961600,0.250,37603,59,59,37027.0,384520.0,279730.0,10.3849,10.3849,10.3849,12.0
AB,22507155,147127892,46,146982706,47259247,3.1101,558131224,4705188824,8.4303,46,59961600,0.375,37603,58,58,37027.0,384520.0,279730.0,10.3849,10.3849,10.3849,12.0
AB,22507155,147127892,46,146982706,47259247,3.1101,558131224,4705188824,8.4303,46,59961600,0.500,37603,57,57,37027.0,384520.0,279730.0,10.3849,10.3849,10.3849,12.0
AB,22507155,147127892,46,146982706,47259247,3.1101,558131224,4705188824,8.4303,46,59961600,0.625,37603,60,60,37027.0,384520.0,279730.0,10.3849,10.3849,10.3849,12.0
AB,22507155,147127892,46,146982706,47259247,3.1101,558131224,4705188824,8.4303,46,59961600,0.750,37603,59,59,37027.0,384520.0,279730.0,10.3849,10.3849,10.3849,12.0
AB,22507155,147127892,46,146982706,47259247,3.1101,558131224,4705188824,8.4303,46,59961600,0.875,37603,59,59,37027.0,384520.0,279730.0,10.3849,10.3849,10.3849,12.0
ACL,65179586,280520976,15,279961056,138194464,2.0258,1626992408,8965472832,5.5105,1,203,0.125,65179586,60,60,1.4,7.6,9.6,4.7333,10.5000,18.0000,12.0
ACL,65179586,280520976,15,279961056,138194464,2.0258,1626992408,8965472832,5.5105,1,5118,0.250,65179586,60,60,8.1,49.7,46.5,4.5804,8.4545,11.0000,12.0
ACL,65179586,280520976,15,279961056,138194464,2.0258,1626992408,8965472832,5.5105,1,36465,0.375,65179586,60,60,204808.9,1148364.2,978649.7,4.0618,8.0000,10.0000,12.0
ACL,65179586,280520976,15,279961056,138194464,2.0258,1626992408,8965472832,5.5105,1,100008,0.500,65179586,60,60,2851932.3,15222569.9,11997427.8,4.2749,8.0000,11.0000,12.0
ACL,65179586,280520976,15,279961056,138194464,2.0258,1626992408,8965472832,5.5105,1,265604,0.625,65179586,60,60,12023646.2,61042802.9,44097793.6,3.9529,5.1739,10.0000,12.0
ACL,65179586,280520976,15,279961056,138194464,2.0258,1626992408,8965472832,5.5105,1,759428,0.750,65179586,60,60,23637334.1,114601984.2,75232052.5,4.1613,5.0000,7.8000,12.0
ACL,65179586,280520976,15,279961056,138194464,2.0258,1626992408,8965472832,5.5105,1,2844903,0.875,65179586,60,60,42946247.0,198099333.3,115781557.4,4.2185,4.6127,4.8000,12.0
ACL,65179586,280520976,15,279961056,138194464,2.0258,1626992408,8965472832,5.5105,3,3902357,0.125,38187376,13,13,4772233.0,41660818.0,27763197.3,8.7298,8.7298,8.7298,12.0
ACL,65179586,280520976,15,279961056,138194464,2.0258,1626992408,8965472832,5.5105,3,7807226,0.250,38187376,19,19,9546816.0,77066741.0,47821873.9,8.0725,8.0725,8.0725,12.0
ACL,65179586,280520976,15,279961056,138194464,2.0258,1626992408,8965472832,5.5105,3,13528093,0.375,38187376,29,29,14320257.0,107621200.0,62753079.0,7.5153,7.5153,7.5153,12.0
ACL,65179586,280520976,15,279961056,138194464,2.0258,1626992408,8965472832,5.5105,3,21804891,0.500,38187376,37,37,19093682.0,134527492.0,74454804.3,7.0457,7.0457,7.0457,12.0
ACL,65179586,280520976,15,279961056,138194464,2.0258,1626992408,8965472832,5.5105,3,33439647,0.625,38187376,42,42,23867111.0,158543471.0,83965753.2,6.6428,6.6428,6.6428,12.0
ACL,65179586,280520976,15,279961056,138194464,2.0258,1626992408,8965472832,5.5105,3,52852022,0.750,38187376,40,40,28640532.0,180088005.0,91762640.5,6.2879,6.2879,6.2879,12.0
ACL,65179586,280520976,15,279961056,138194464,2.0258,1626992408,8965472832,5.5105,3,90677122,0.875,38187376,52,52,33413957.0,199611715.0,98267250.0,5.9739,5.9739,5.9739,12.0
ACL,65179586,280520976,15,279961056,138194464,2.0258,1626992408,8965472832,5.5105,6,21180088,0.125,18173359,7,7,2271692.0,21961501.0,13594671.0,9.6675,9.6675,9.6675,12.0
ACL,65179586,280520976,15,279961056,138194464,2.0258,1626992408,8965472832,5.5105,6,31660207,0.250,18173359,13,13,4543353.0,42667481.0,25932017.1,9.3912,9.3912,9.3912,12.0
ACL,65179586,280520976,15,279961056,138194464,2.0258,1626992408,8965472832,5.5105,6,42697787,0.375,18173359,23,23,6815010.0,60960046.0,36159194.8,8.9450,8.9450,8.9450,12.0
ACL,65179586,280520976,15,279961056,138194464,2.0258,1626992408,8965472832,5.5105,6,56838693,0.500,18173359,28,28,9086685.0,77292343.0,44773027.4,8.5061,8.5061,8.5061,12.0
ACL,65179586,280520976,15,279961056,138194464,2.0258,1626992408,8965472832,5.5105,6,74566902,0.625,18173359,43,43,11358351.0,92249095.0,52337608.6,8.1217,8.1217,8.1217,12.0
ACL,65179586,280520976,15,279961056,138194464,2.0258,1626992408,8965472832,5.5105,6,99975124,0.750,18173359,48,48,13630019.0,106053338.0,59068907.8,7.7809,7.7809,7.7809,12.0
ACL,65179586,280520976,15,279961056,138194464,2.0258,1626992408,8965472832,5.5105,6,143743922,0.875,18173359,53,53,15901709.0,118908620.0,65215041.9,7.4777,7.4777,7.4777,12.0
ACL,65179586,280520976,15,279961056,138194464,2.0258,1626992408,8965472832,5.5105,9,40634098,0.125,8893358,10,10,1111767.0,10839234.0,6721782.5,9.7496,9.7496,9.7496,12.0
ACL,65179586,280520976,15,279961056,138194464,2.0258,1626992408,8965472832,5.5105,9,54016660,0.250,8893358,23,23,2223344.0,22489921.0,14150225.0,10.1154,10.1154,10.1154,12.0
ACL,65179586,280520976,15,279961056,138194464,2.0258,1626992408,8965472832,5.5105,9,67649861,0.375,8893358,24,24,3335146.0,32969794.0,20564439.7,9.8856,9.8856,9.8856,12.0
ACL,65179586,280520976,15,279961056,138194464,2.0258,1626992408,8965472832,5.5105,9,84262394,0.500,8893358,31,31,4446697.0,42689577.0,26363579.7,9.6003,9.6003,9.6003,12.0
ACL,65179586,280520976,15,279961056,138194464,2.0258,1626992408,8965472832,5.5105,9,103292604,0.625,8893358,43,43,5558381.0,51719431.0,31625372.2,9.3048,9.3048,9.3048,12.0
ACL,65179586,280520976,15,279961056,138194464,2.0258,1626992408,8965472832,5.5105,9,130199496,0.750,8893358,41,41,6670022.0,60207072.0,36504844.0,9.0265,9.0265,9.0265,12.0
ACL,65179586,280520976,15,279961056,138194464,2.0258,1626992408,8965472832,5.5105,9,172896742,0.875,8893358,56,56,7781694.0,68206794.0,41081632.1,8.7650,8.7650,8.7650,12.0
ACL,65179586,280520976,15,279961056,138194464,2.0258,1626992408,8965472832,5.5105,12,72709462,0.125,4002740,14,14,617817.0,5840350.0,3718308.9,9.4532,9.4532,9.4532,12.0
ACL,65179586,280520976,15,279961056,138194464,2.0258,1626992408,8965472832,5.5105,12,80363725,0.250,4002740,16,16,1000784.0,10452598.0,6883195.1,10.4444,10.4444,10.4444,12.0
ACL,65179586,280520976,15,279961056,138194464,2.0258,1626992408,8965472832,5.5105,12,94517944,0.375,4002740,20,20,1501392.0,15947103.0,10525340.2,10.6215,10.6215,10.6215,12.0
ACL,65179586,280520976,15,279961056,138194464,2.0258,1626992408,8965472832,5.5105,12,110069114,0.500,4002740,37,37,2001392.0,21070569.0,13865031.6,10.5280,10.5280,10.5280,12.0
ACL,65179586,280520976,15,279961056,138194464,2.0258,1626992408,8965472832,5.5105,12,130114801,0.625,4002740,38,38,2501713.0,25945508.0,17015617.1,10.3711,10.3711,10.3711,12.0
ACL,65179586,280520976,15,279961056,138194464,2.0258,1626992408,8965472832,5.5105,12,156741972,0.750,4002740,47,47,3002055.0,30604752.0,20014546.4,10.1946,10.1946,10.1946,12.0
ACL,65179586,280520976,15,279961056,138194464,2.0258,1626992408,8965472832,5.5105,12,195612898,0.875,4002740,50,50,3502400.0,35038833.0,22871569.0,10.0042,10.0042,10.0042,12.0
ACL,65179586,280520976,15,279961056,138194464,2.0258,1626992408,8965472832,5.5105,15,197685401,0.125,768330,23,23,305777.0,4120186.0,3286402.0,13.4745,13.4745,13.4745,12.0
ACL,65179586,280520976,15,279961056,138194464,2.0258,1626992408,8965472832,5.5105,15,197685401,0.250,768330,23,23,305777.0,4120186.0,3286402.0,13.4745,13.4745,13.4745,12.0
ACL,65179586,280520976,15,279961056,138194464,2.0258,1626992408,8965472832,5.5105,15,197685401,0.375,768330,23,23,305777.0,4120186.0,3286402.0,13.4745,13.4745,13.4745,12.0
ACL,65179586,280520976,15,279961056,138194464,2.0258,1626992408,8965472832,5.5105,15,202427566,0.500,768330,25,25,384171.0,5101576.0,4009264.0,13.2794,13.2794,13.2794,12.0
ACL,65179586,280520976,15,279961056,138194464,2.0258,1626992408,8965472832,5.5105,15,207946556,0.625,768330,41,41,480518.0,6278813.0,4865477.0,13.0668,13.0668,13.0668,12.0
ACL,65179586,280520976,15,279961056,138194464,2.0258,1626992408,8965472832,5.5105,15,221685881,0.750,768330,42,42,576727.0,7422027.0,5692367.0,12.8692,12.8692,12.8692,12.0
ACL,65179586,280520976,15,279961056,138194464,2.0258,1626992408,8965472832,5.5105,15,247438746,0.875,768330,51,51,672515.0,8534649.0,6493845.0,12.6906,12.6906,12.6906,12.0
AHO,66623880,341164076,18,340940393,150209700,2.2698,1734668648,10912776772,6.2910,1,238,0.125,66623880,60,60,1.6,9.0,10.7,4.8896,9.6667,14.0000,12.0
AHO,66623880,341164076,18,340940393,150209700,2.2698,1734668648,10912776772,6.2910,1,4473,0.250,66623880,60,60,2.3,11.3,12.9,4.4051,8.5000,13.0000,12.0
AHO,66623880,341164076,18,340940393,150209700,2.2698,1734668648,10912776772,6.2910,1,27162,0.375,66623880,60,60,18238.0,110178.5,94423.4,4.1981,7.5000,11.6000,12.0
AHO,66623880,341164076,18,340940393,150209700,2.2698,1734668648,10912776772,6.2910,1,79778,0.500,66623880,60,60,3070551.1,17229692.4,13624256.2,4.1559,6.3333,8.0000,12.0
AHO,66623880,341164076,18,340940393,150209700,2.2698,1734668648,10912776772,6.2910,1,187187,0.625,66623880,60,60,14364819.0,76317689.4,55481860.1,4.3046,6.0000,7.0000,12.0
AHO,66623880,341164076,18,340940393,150209700,2.2698,1734668648,10912776772,6.2910,1,494603,0.750,66623880,60,60,28631198.1,144970724.3,96002328.2,4.5924,5.0634,6.5000,12.0
AHO,66623880,341164076,18,340940393,150209700,2.2698,1734668648,10912776772,6.2910,1,1640737,0.875,66623880,60,60,41885362.6,202294416.5,119145677.0,4.4256,4.8297,5.5000,12.0
AHO,66623880,341164076,18,340940393,150209700,2.2698,1734668648,10912776772,6.2910,4,7767555,0.125,34568285,9,9,4320914.0,41067579.0,25752071.4,9.5044,9.5044,9.5044,12.0
AHO,66623880,341164076,18,340940393,150209700,2.2698,1734668648,10912776772,6.2910,4,13479744,0.250,34568285,14,14,8642049.0,76477605.0,45198874.6,8.8495,8.8495,8.8495,12.0
AHO,66623880,341164076,18,340940393,150209700,2.2698,1734668648,10912776772,6.2910,4,21106730,0.375,34568285,25,25,12963085.0,106602654.0,59596472.4,8.2236,8.2236,8.2236,12.0
AHO,66623880,341164076,18,340940393,150209700,2.2698,1734668648,10912776772,6.2910,4,31369291,0.500,34568285,24,24,17284120.0,133097991.0,71075075.4,7.7006,7.7006,7.7006,12.0
AHO,66623880,341164076,18,340940393,150209700,2.2698,1734668648,10912776772,6.2910,4,46061301,0.625,34568285,36,36,21605157.0,156768899.0,80611559.3,7.2561,7.2561,7.2561,12.0
AHO,66623880,341164076,18,340940393,150209700,2.2698,1734668648,10912776772,6.2910,4,69035142,0.750,34568285,49,49,25926214.0,178208851.0,88708009.6,6.8737,6.8737,6.8737,12.0
AHO,66623880,341164076,18,340940393,150209700,2.2698,1734668648,10912776772,6.2910,4,113918637,0.875,34568285,54,54,30247249.0,197802154.0,95696056.2,6.5395,6.5395,6.5395,12.0
AHO,66623880,341164076,18,340940393,150209700,2.2698,1734668648,10912776772,6.2910,7,26403401,0.125,19073244,8,8,2384200.0,24254327.0,14849962.2,10.1729,10.1729,10.1729,12.0
AHO,66623880,341164076,18,340940393,150209700,2.2698,1734668648,10912776772,6.2910,7,36294046,0.250,19073244,10,10,4768313.0,47454865.0,28502785.4,9.9521,9.9521,9.9521,12.0
AHO,66623880,341164076,18,340940393,150209700,2.2698,1734668648,10912776772,6.2910,7,48208821,0.375,19073244,24,24,7152467.0,67212203.0,39096241.4,9.3971,9.3971,9.3971,12.0
AHO,66623880,341164076,18,340940393,150209700,2.2698,1734668648,10912776772,6.2910,7,62906636,0.500,19073244,31,31,9536623.0,84828292.0,48005006.0,8.8950,8.8950,8.8950,12.0
AHO,66623880,341164076,18,340940393,150209700,2.2698,1734668648,10912776772,6.2910,7,82427869,0.625,19073244,35,35,11920778.0,100881952.0,55772737.2,8.4627,8.4627,8.4627,12.0
AHO,66623880,341164076,18,340940393,150209700,2.2698,1734668648,10912776772,6.2910,7,110933595,0.750,19073244,44,44,14304933.0,115677732.0,62694055.5,8.0866,8.0866,8.0866,12.0
AHO,66623880,341164076,18,340940393,150209700,2.2698,1734668648,10912776772,6.2910,7,159676462,0.875,19073244,55,55,16689089.0,129393423.0,68951773.6,7.7532,7.7532,7.7532,12.0
AHO,66623880,341164076,18,340940393,150209700,2.2698,1734668648,10912776772,6.2910,11,60347766,0.125,8671201,13,13,1121494.0,10562705.0,6232369.2,9.4184,9.4184,9.4184,12.0
AHO,66623880,341164076,18,340940393,150209700,2.2698,1734668648,10912776772,6.2910,11,69702786,0.250,8671201,18,18,2167810.0,23039400.0,14443821.3,10.6280,10.6280,10.6280,12.0
AHO,66623880,341164076,18,340940393,150209700,2.2698,1734668648,10912776772,6.2910,11,84157779,0.375,8671201,23,23,3251805.0,34066886.0,21169155.1,10.4763,10.4763,10.4763,12.0
AHO,66623880,341164076,18,340940393,150209700,2.2698,1734668648,10912776772,6.2910,11,101256121,0.500,8671201,28,28,4335769.0,44014891.0,26991544.7,10.1516,10.1516,10.1516,12.0
AHO,66623880,341164076,18,340940393,150209700,2.2698,1734668648,10912776772,6.2910,11,123412861,0.625,8671201,37,37,5419502.0,53170970.0,32195871.7,9.8110,9.8110,9.8110,12.0
AHO,66623880,341164076,18,340940393,150209700,2.2698,1734668648,10912776772,6.2910,11,153781128,0.750,8671201,50,50,6503401.0,61692158.0,36946716.5,9.4861,9.4861,9.4861,12.0
AHO,66623880,341164076,18,340940393,150209700,2.2698,1734668648,10912776772,6.2910,11,199251038,0.875,8671201,50,50,7587318.0,69648222.0,41363531.4,9.1796,9.1796,9.1796,12.0
AHO,66623880,341164076,18,340940393,150209700,2.2698,1734668648,10912776772,6.2910,14,58835887,0.125,4451573,5,5,556458.0,4393559.0,2123632.2,7.8956,7.8956,7.8956,12.0
AHO,66623880,341164076,18,340940393,150209700,2.2698,1734668648,10912776772,6.2910,14,105048629,0.250,4451573,14,14,1113473.0,11647167.0,7493233.6,10.4602,10.4602,10.4602,12.0
AHO,66623880,341164076,18,340940393,150209700,2.2698,1734668648,10912776772,6.2910,14,117759417,0.375,4451573,24,24,1669345.0,18199693.0,11844211.4,10.9023,10.9023,10.9023,12.0
AHO,66623880,341164076,18,340940393,150209700,2.2698,1734668648,10912776772,6.2910,14,134917801,0.500,4451573,36,36,2226680.0,24158632.0,15658215.2,10.8496,10.8496,10.8496,12.0
AHO,66623880,341164076,18,340940393,150209700,2.2698,1734668648,10912776772,6.2910,14,156658289,0.625,4451573,38,38,2782233.0,29663972.0,19111017.3,10.6619,10.6619,10.6619,12.0
AHO,66623880,341164076,18,340940393,150209700,2.2698,1734668648,10912776772,6.2910,14,186190137,0.750,4451573,46,46,3338698.0,34825012.0,22306547.6,10.4307,10.4307,10.4307,12.0
AHO,66623880,341164076,18,340940393,150209700,2.2698,1734668648,10912776772,6.2910,14,228567129,0.875,4451573,53,53,3895134.0,39681445.0,25295191.1,10.1874,10.1874,10.1874,12.0
AHO,66623880,341164076,18,340940393,150209700,2.2698,1734668648,10912776772,6.2910,18,266473733,0.125,676337,32,32,345508.0,4597113.0,3705535.0,13.3054,13.3054,13.3054,12.0
AHO,66623880,341164076,18,340940393,150209700,2.2698,1734668648,10912776772,6.2910,18,266473733,0.250,676337,34,34,345508.0,4597113.0,3705535.0,13.3054,13.3054,13.3054,12.0
AHO,66623880,341164076,18,340940393,150209700,2.2698,1734668648,10912776772,6.2910,18,266473733,0.375,676337,27,27,345508.0,4597113.0,3705535.0,13.3054,13.3054,13.3054,12.0
AHO,66623880,341164076,18,340940393,150209700,2.2698,1734668648,10912776772,6.2910,18,266473733,0.500,676337,38,38,345508.0,4597113.0,3705535.0,13.3054,13.3054,13.3054,12.0
AHO,66623880,341164076,18,340940393,150209700,2.2698,1734668648,10912776772,6.2910,18,275645096,0.625,676337,30,30,422723.0,5578002.0,4426302.0,13.1954,13.1954,13.1954,12.0
AHO,66623880,341164076,18,340940393,150209700,2.2698,1734668648,10912776772,6.2910,18,290665907,0.750,676337,47,47,507264.0,6623437.0,5184407.0,13.0572,13.0572,13.0572,12.0
AHO,66623880,341164076,18,340940393,150209700,2.2698,1734668648,10912776772,6.2910,18,322371835,0.875,676337,52,52,591946.0,7641835.0,5919217.0,12.9097,12.9097,12.9097,12.0
YT,12223774,216638111,123,216635069,24317812,8.9085,292332696,6932358712,23.7139,1,0,0.125,12223774,60,60,669731.0,2207279.4,1712202.4,3.8694,5.1568,5.3005,12.0
YT,12223774,216638111,123,216635069,24317812,8.9085,292332696,6932358712,23.7139,1,0,0.250,12223774,60,60,520198.9,1745960.9,1363792.7,4.0860,5.3325,5.8936,12.0
YT,12223774,216638111,123,216635069,24317812,8.9085,292332696,6932358712,23.7139,1,0,0.375,12223774,60,60,667636.2,2230890.2,1740237.1,4.0996,5.5594,5.7713,12.0
YT,12223774,216638111,123,216635069,24317812,8.9085,292332696,6932358712,23.7139,1,0,0.500,12223774,60,60,661219.4,2235269.3,1754330.6,4.0020,5.0231,5.5341,12.0
YT,12223774,216638111,123,216635069,24317812,8.9085,292332696,6932358712,23.7139,1,0,0.625,12223774,60,60,651930.4,2165105.2,1685989.2,3.8514,5.2109,5.7273,12.0
YT,12223774,216638111,123,216635069,24317812,8.9085,292332696,6932358712,23.7139,1,0,0.750,12223774,60,60,569652.1,1905437.1,1488770.6,4.0617,5.3112,5.8581,12.0
YT,12223774,216638111,123,216635069,24317812,8.9085,292332696,6932358712,23.7139,1,0,0.875,12223774,60,60,1042161.6,3446196.6,2679966.5,3.8495,5.2349,6.0000,12.0
YT,12223774,216638111,123,216635069,24317812,8.9085,292332696,6932358712,23.7139,25,0,0.125,2902347,7,7,379190.0,1277183.0,957311.0,3.3682,3.3682,3.3682,12.0
YT,12223774,216638111,123,216635069,24317812,8.9085,292332696,6932358712,23.7139,25,1036800,0.250,2902347,24,24,380960.8,2002542.2,1253257.3,5.3372,6.8650,6.8650,12.0
YT,12223774,216638111,123,216635069,24317812,8.9085,292332696,6932358712,23.7139,25,1900800,0.375,2902347,26,26,597934.7,3525161.1,2018113.3,5.6082,6.6070,6.6070,12.0
YT,12223774,216638111,123,216635069,24317812,8.9085,292332696,6932358712,23.7139,25,3024000,0.500,2902347,31,31,1467102.0,8353866.0,4737848.1,5.6941,5.6941,5.6941,12.0
YT,12223774,216638111,123,216635069,24317812,8.9085,292332696,6932358712,23.7139,25,4752000,0.625,2902347,32,32,1815120.0,10534385.0,5805241.8,5.8037,5.8037,5.8037,12.0
YT,12223774,216638111,123,216635069,24317812,8.9085,292332696,6932358712,23.7139,25,6912000,0.750,2902347,45,45,2178347.0,12623853.0,6811039.4,5.7952,5.7952,5.7952,12.0
YT,12223774,216638111,123,216635069,24317812,8.9085,292332696,6932358712,23.7139,25,11833200,0.875,2902347,56,56,2542263.0,14632351.0,7740748.3,5.7556,5.7556,5.7556,12.0
YT,12223774,216638111,123,216635069,24317812,8.9085,292332696,6932358712,23.7139,49,1814400,0.125,1248033,12,12,99721.3,743872.8,482481.8,7.2281,7.8386,7.8386,12.0
YT,12223774,216638111,123,216635069,24317812,8.9085,292332696,6932358712,23.7139,49,2592000,0.250,1248033,12,12,200379.2,1451021.5,870976.7,6.7285,7.5281,7.5281,12.0
YT,12223774,216638111,123,216635069,24317812,8.9085,292332696,6932358712,23.7139,49,3801600,0.375,1248033,22,22,468583.0,3203845.0,1885045.4,6.8373,6.8373,6.8373,12.0
YT,12223774,216638111,123,216635069,24317812,8.9085,292332696,6932358712,23.7139,49,5184000,0.500,1248033,36,36,628833.0,4262474.0,2453799.1,6.7784,6.7784,6.7784,12.0
YT,12223774,216638111,123,216635069,24317812,8.9085,292332696,6932358712,23.7139,49,6908400,0.625,1248033,37,37,780561.0,5280557.0,2987812.4,6.7651,6.7651,6.7651,12.0
YT,12223774,216638111,123,216635069,24317812,8.9085,292332696,6932358712,23.7139,49,9846000,0.750,1248033,43,43,936313.0,6282196.0,3497655.7,6.7095,6.7095,6.7095,12.0
YT,12223774,216638111,123,216635069,24317812,8.9085,292332696,6932358712,23.7139,49,14166000,0.875,1248033,53,53,1093634.0,7223217.0,3981377.4,6.6048,6.6048,6.6048,12.0
YT,12223774,216638111,123,216635069,24317812,8.9085,292332696,6932358712,23.7139,74,3801600,0.125,504707,10,10,68384.0,594902.0,389392.0,8.6994,8.6994,8.6994,12.0
YT,12223774,216638111,123,216635069,24317812,8.9085,292332696,6932358712,23.7139,74,4406400,0.250,504707,18,18,130543.0,1077606.0,673868.0,8.2548,8.2548,8.2548,12.0
YT,12223774,216638111,123,216635069,24317812,8.9085,292332696,6932358712,23.7139,74,5702400,0.375,504707,24,24,196936.0,1598089.0,968563.0,8.1148,8.1148,8.1148,12.0
YT,12223774,216638111,123,216635069,24317812,8.9085,292332696,6932358712,23.7139,74,6825600,0.500,504707,28,28,252965.0,2030103.0,1214589.0,8.0252,8.0252,8.0252,12.0
YT,12223774,216638111,123,216635069,24317812,8.9085,292332696,6932358712,23.7139,74,9500400,0.625,504707,40,40,316841.0,2523649.0,1474001.0,7.9650,7.9650,7.9650,12.0
YT,12223774,216638111,123,216635069,24317812,8.9085,292332696,6932358712,23.7139,74,12524400,0.750,504707,45,45,378535.0,2970296.0,1712328.0,7.8468,7.8468,7.8468,12.0
YT,12223774,216638111,123,216635069,24317812,8.9085,292332696,6932358712,23.7139,74,16671600,0.875,504707,51,51,442423.0,3390056.0,1934796.5,7.6625,7.6625,7.6625,12.0
YT,12223774,216638111,123,216635069,24317812,8.9085,292332696,6932358712,23.7139,98,6307200,0.125,187549,14,14,38855.0,371750.0,263816.0,9.5676,9.5676,9.5676,12.0
YT,12223774,216638111,123,216635069,24317812,8.9085,292332696,6932358712,23.7139,98,6739200,0.250,187549,11,11,48308.0,457113.0,313199.0,9.4625,9.4625,9.4625,12.0
YT,12223774,216638111,123,216635069,24317812,8.9085,292332696,6932358712,23.7139,98,8204400,0.375,187549,27,27,70840.0,656815.0,426289.0,9.2718,9.2718,9.2718,12.0
YT,12223774,216638111,123,216635069,24317812,8.9085,292332696,6932358712,23.7139,98,9846000,0.500,187549,32,32,94482.0,857634.0,538850.0,9.0772,9.0772,9.0772,12.0
YT,12223774,216638111,123,216635069,24317812,8.9085,292332696,6932358712,23.7139,98,12351600,0.625,187549,35,35,117416.0,1047052.0,645734.0,8.9175,8.9175,8.9175,12.0
YT,12223774,216638111,123,216635069,24317812,8.9085,292332696,6932358712,23.7139,98,15721200,0.750,187549,38,38,140703.0,1223590.0,743314.0,8.6963,8.6963,8.6963,12.0
YT,12223774,216638111,123,216635069,24317812,8.9085,292332696,6932358712,23.7139,98,17967600,0.875,187549,55,55,165899.0,1395212.0,835426.0,8.4100,8.4100,8.4100,12.0
YT,12223774,216638111,123,216635069,24317812,8.9085,292332696,6932358712,23.7139,123,19263600,0.125,54467,60,60,53939.0,537800.0,366770.0,9.9705,9.9705,9.9705,12.0
YT,12223774,216638111,123,216635069,24317812,8.9085,292332696,6932358712,23.7139,123,19263600,0.250,54467,58,58,53939.0,537800.0,366770.0,9.9705,9.9705,9.9705,12.0
YT,12223774,216638111,123,216635069,24317812,8.9085,292332696,6932358712,23.7139,123,19263600,0.375,54467,59,59,53939.0,537800.0,366770.0,9.9705,9.9705,9.9705,12.0
YT,12223774,216638111,123,216635069,24317812,8.9085,292332696,6932358712,23.7139,123,19263600,0.500,54467,59,59,53939.0,537800.0,366770.0,9.9705,9.9705,9.9705,12.0
YT,12223774,216638111,123,216635069,24317812,8.9085,292332696,6932358712,23.7139,123,19263600,0.625,54467,59,59,53939.0,537800.0,366770.0,9.9705,9.9705,9.9705,12.0
YT,12223774,216638111,123,216635069,24317812,8.9085,292332696,6932358712,23.7139,123,19263600,0.750,54467,57,57,53939.0,537800.0,366770.0,9.9705,9.9705,9.9705,12.0
YT,12223774,216638111,123,216635069,24317812,8.9085,292332696,6932358712,23.7139,123,19263600,0.875,54467,60,60,53939.0,537800.0,366770.0,9.9705,9.9705,9.9705,12.0
EPI,13668320,662349794,151,662349303,20200946,32.7880,270954136,21195183588,78.2242,1,0,0.125,13668320,60,60,5372691.3,11923026.0,10932659.6,3.1081,4.8153,5.3333,12.0
EPI,13668320,662349794,151,662349303,20200946,32.7880,270954136,21195183588,78.2242,1,0,0.250,13668320,60,60,5968287.8,13241593.4,12142146.5,2.9856,4.5696,6.7143,12.0
EPI,13668320,662349794,151,662349303,20200946,32.7880,270954136,21195183588,78.2242,1,0,0.375,13668320,60,60,5670923.8,12584147.7,11538935.9,3.0093,4.6312,5.0575,12.0
EPI,13668320,662349794,151,662349303,20200946,32.7880,270954136,21195183588,78.2242,1,0,0.500,13668320,60,60,4330479.6,9615307.2,8815614.2,3.3067,4.7479,4.9108,12.0
EPI,13668320,662349794,151,662349303,20200946,32.7880,270954136,21195183588,78.2242,1,0,0.625,13668320,60,60,6117394.1,13572150.9,12445364.1,2.8839,4.5704,4.8734,12.0
EPI,13668320,662349794,151,662349303,20200946,32.7880,270954136,21195183588,78.2242,1,0,0.750,13668320,60,60,5820125.1,12914843.3,11842122.7,2.9382,4.5380,4.8855,12.0
EPI,13668320,662349794,151,662349303,20200946,32.7880,270954136,21195183588,78.2242,1,0,0.875,13668320,60,60,6117276.5,13571358.4,12444676.6,2.8139,4.3219,4.4187,12.0
EPI,13668320,662349794,151,662349303,20200946,32.7880,270954136,21195183588,78.2242,31,0,0.125,7474152,39,39,4328032.0,10062181.0,9133865.0,2.3249,2.3249,2.3249,12.0
EPI,13668320,662349794,151,662349303,20200946,32.7880,270954136,21195183588,78.2242,31,0,0.250,7474152,31,31,4328032.0,10062181.0,9133865.0,2.3249,2.3249,2.3249,12.0
EPI,13668320,662349794,151,662349303,20200946,32.7880,270954136,21195183588,78.2242,31,0,0.375,7474152,29,29,4328032.0,10062181.0,9133865.0,2.3249,2.3249,2.3249,12.0
EPI,13668320,662349794,151,662349303,20200946,32.7880,270954136,21195183588,78.2242,31,0,0.500,7474152,26,26,4328032.0,10062181.0,9133865.0,2.3249,2.3249,2.3249,12.0
EPI,13668320,662349794,151,662349303,20200946,32.7880,270954136,21195183588,78.2242,31,172800,0.625,7474152,39,39,4024940.5,9435497.2,8532777.0,2.5259,4.9383,4.9383,12.0
EPI,13668320,662349794,151,662349303,20200946,32.7880,270954136,21195183588,78.2242,31,432000,0.750,7474152,48,48,3486444.5,8772862.5,7554569.7,3.0210,5.0967,5.1720,12.0
EPI,13668320,662349794,151,662349303,20200946,32.7880,270954136,21195183588,78.2242,31,1641600,0.875,7474152,51,51,6551770.0,21373562.0,14792729.5,3.2623,3.2623,3.2623,12.0
EPI,13668320,662349794,151,662349303,20200946,32.7880,270954136,21195183588,78.2242,61,0,0.125,4642407,29,29,2344912.0,5677325.0,5045039.0,2.4211,2.4211,2.4211,12.0
EPI,13668320,662349794,151,662349303,20200946,32.7880,270954136,21195183588,78.2242,61,0,0.250,4642407,33,33,2344912.0,5677325.0,5045039.0,2.4211,2.4211,2.4211,12.0
EPI,13668320,662349794,151,662349303,20200946,32.7880,270954136,21195183588,78.2242,61,0,0.375,4642407,33,33,2344912.0,5677325.0,5045039.0,2.4211,2.4211,2.4211,12.0
EPI,13668320,662349794,151,662349303,20200946,32.7880,270954136,21195183588,78.2242,61,0,0.500,4642407,28,28,2344912.0,5677325.0,5045039.0,2.4211,2.4211,2.4211,12.0
EPI,13668320,662349794,151,662349303,20200946,32.7880,270954136,21195183588,78.2242,61,1209600,0.625,4642407,33,33,1887036.8,5125706.7,4237259.4,3.2967,5.5611,5.5611,12.0
EPI,13668320,662349794,151,662349303,20200946,32.7880,270954136,21195183588,78.2242,61,1900800,0.750,4642407,43,43,3495687.0,12166606.0,8486195.0,3.4805,3.4805,3.4805,12.0
EPI,13668320,662349794,151,662349303,20200946,32.7880,270954136,21195183588,78.2242,61,5097600,0.875,4642407,54,54,4067739.0,15102873.0,9673130.1,3.7128,3.7128,3.7128,12.0
EPI,13668320,662349794,151,662349303,20200946,32.7880,270954136,21195183588,78.2242,91,0,0.125,2691178,31,31,1154114.0,2932867.0,2572795.0,2.5412,2.5412,2.5412,12.0
EPI,13668320,662349794,151,662349303,20200946,32.7880,270954136,21195183588,78.2242,91,0,0.250,2691178,21,21,1154114.0,2932867.0,2572795.0,2.5412,2.5412,2.5412,12.0
EPI,13668320,662349794,151,662349303,20200946,32.7880,270954136,21195183588,78.2242,91,0,0.375,2691178,25,25,1154114.0,2932867.0,2572795.0,2.5412,2.5412,2.5412,12.0
EPI,13668320,662349794,151,662349303,20200946,32.7880,270954136,21195183588,78.2242,91,3456000,0.500,2691178,38,38,1503909.0,5076055.0,3807433.8,3.3752,3.3752,3.3752,12.0
EPI,13668320,662349794,151,662349303,20200946,32.7880,270954136,21195183588,78.2242,91,4233600,0.625,2691178,43,43,1688208.0,6130680.0,4315271.4,3.6315,3.6315,3.6315,12.0
EPI,13668320,662349794,151,662349303,20200946,32.7880,270954136,21195183588,78.2242,91,7171200,0.750,2691178,40,40,2019246.0,7894738.0,5140791.7,3.9097,3.9097,3.9097,12.0
EPI,13668320,662349794,151,662349303,20200946,32.7880,270954136,21195183588,78.2242,91,11574000,0.875,2691178,52,52,2356142.0,9733454.0,6030614.2,4.1311,4.1311,4.1311,12.0
EPI,13668320,662349794,151,662349303,20200946,32.7880,270954136,21195183588,78.2242,121,0,0.125,963205,11,11,160176.0,364046.0,338330.0,2.2728,2.2728,2.2728,12.0
EPI,13668320,662349794,151,662349303,20200946,32.7880,270954136,21195183588,78.2242,121,12178800,0.250,963205,27,27,492212.0,2126894.0,1504602.8,4.3211,4.3211,4.3211,12.0
EPI,13668320,662349794,151,662349303,20200946,32.7880,270954136,21195183588,78.2242,121,12178800,0.375,963205,30,30,492212.0,2126894.0,1504602.8,4.3211,4.3211,4.3211,12.0
EPI,13668320,662349794,151,662349303,20200946,32.7880,270954136,21195183588,78.2242,121,12178800,0.500,963205,24,24,492212.0,2126894.0,1504602.8,4.3211,4.3211,4.3211,12.0
EPI,13668320,662349794,151,662349303,20200946,32.7880,270954136,21195183588,78.2242,121,13647600,0.625,963205,48,48,607555.0,2721395.0,1831573.7,4.4793,4.4793,4.4793,12.0
EPI,13668320,662349794,151,662349303,20200946,32.7880,270954136,21195183588,78.2242,121,16070400,0.750,963205,47,47,724987.0,3371810.0,2165434.0,4.6509,4.6509,4.6509,12.0
EPI,13668320,662349794,151,662349303,20200946,32.7880,270954136,21195183588,78.2242,121,20473200,0.875,963205,54,54,852098.0,3988967.0,2501735.0,4.6813,4.6813,4.6813,12.0
EPI,13668320,662349794,151,662349303,20200946,32.7880,270954136,21195183588,78.2242,151,20732400,0.125,36190,59,59,35394.0,170122.0,88120.0,4.8065,4.8065,4.8065,12.0
EPI,13668320,662349794,151,662349303,20200946,32.7880,270954136,21195183588,78.2242,151,20732400,0.250,36190,60,60,35394.0,170122.0,88120.0,4.8065,4.8065,4.8065,12.0
EPI,13668320,662349794,151,662349303,20200946,32.7880,270954136,21195183588,78.2242,151,20732400,0.375,36190,58,58,35394.0,170122.0,88120.0,4.8065,4.8065,4.8065,12.0
EPI,13668320,662349794,151,662349303,20200946,32.7880,270954136,21195183588,78.2242,151,20732400,0.500,36190,58,58,35394.0,170122.0,88120.0,4.8065,4.8065,4.8065,12.0
EPI,13668320,662349794,151,662349303,20200946,32.7880,270954136,21195183588,78.2242,151,20732400,0.625,36190,59,59,35394.0,170122.0,88120.0,4.8065,4.8065,4.8065,12.0
EPI,13668320,662349794,151,662349303,20200946,32.7880,270954136,21195183588,78.2242,151,20732400,0.750,36190,60,60,35394.0,170122.0,88120.0,4.8065,4.8065,4.8065,12.0
EPI,13668320,662349794,151,662349303,20200946,32.7880,270954136,21195183588,78.2242,151,20732400,0.875,36190,59,59,35394.0,170122.0,88120.0,4.8065,4.8065,4.8065,12.0
ENR,1133968,266064075,1500,266059485,3301251,80.5935,35481760,8513958600,239.9531,1,0,0.125,1133968,60,60,56.6,337.3,268.5,5.4862,7.9756,9.0000,12.0
ENR,1133968,266064075,1500,266059485,3301251,80.5935,35481760,8513958600,239.9531,1,0,0.250,1133968,60,60,52.2,300.1,245.4,5.7395,9.5556,11.8182,12.0
ENR,1133968,266064075,1500,266059485,3301251,80.5935,35481760,8513958600,239.9531,1,0,0.375,1133968,60,60,63.5,387.0,299.2,5.7590,8.0000,11.0000,12.0
ENR,1133968,266064075,1500,266059485,3301251,80.5935,35481760,8513958600,239.9531,1,0,0.500,1133968,60,60,91.2,547.0,417.2,5.7294,8.3333,9.4286,12.0
ENR,1133968,266064075,1500,266059485,3301251,80.5935,35481760,8513958600,239.9531,1,0,0.625,1133968,60,60,54.0,293.9,242.5,5.5365,8.0317,13.0000,12.0
ENR,1133968,266064075,1500,266059485,3301251,80.5935,35481760,8513958600,239.9531,1,0,0.750,1133968,60,60,75.8,440.1,357.6,5.7406,8.7500,9.0000,12.0
ENR,1133968,266064075,1500,266059485,3301251,80.5935,35481760,8513958600,239.9531,1,1020,0.875,1133968,60,60,131.8,716.3,523.0,5.5385,7.9375,9.9000,12.0
ENR,1133968,266064075,1500,266059485,3301251,80.5935,35481760,8513958600,239.9531,300,9660720,0.125,352532,7,7,37098.4,307091.0,165065.6,7.4820,8.2985,8.2985,12.0
ENR,1133968,266064075,1500,266059485,3301251,80.5935,35481760,8513958600,239.9531,300,13061135,0.250,352532,19,19,88979.0,744317.0,387589.0,8.3651,8.3651,8.3651,12.0
ENR,1133968,266064075,1500,266059485,3301251,80.5935,35481760,8513958600,239.9531,300,16670286,0.375,352532,17,17,123583.5,1025125.9,504597.4,8.1219,8.2991,8.2991,12.0
ENR,1133968,266064075,1500,266059485,3301251,80.5935,35481760,8513958600,239.9531,300,19375560,0.500,352532,26,26,177422.0,1457750.0,694030.0,8.2163,8.2163,8.2163,12.0
ENR,1133968,266064075,1500,266059485,3301251,80.5935,35481760,8513958600,239.9531,300,23516496,0.625,352532,32,32,220426.0,1794950.0,820918.0,8.1431,8.1431,8.1431,12.0
ENR,1133968,266064075,1500,266059485,3301251,80.5935,35481760,8513958600,239.9531,300,29657242,0.750,352532,45,45,264399.0,2113615.0,926941.0,7.9940,7.9940,7.9940,12.0
ENR,1133968,266064075,1500,266059485,3301251,80.5935,35481760,8513958600,239.9531,300,38241614,0.875,352532,50,50,308766.0,2440085.0,1044937.0,7.9027,7.9027,7.9027,12.0
ENR,1133968,266064075,1500,266059485,3301251,80.5935,35481760,8513958600,239.9531,600,11097300,0.125,93033,12,12,12253.0,107974.1,65078.2,8.3299,8.8523,8.8523,12.0
ENR,1133968,266064075,1500,266059485,3301251,80.5935,35481760,8513958600,239.9531,600,15669000,0.250,93033,15,15,19323.5,167092.9,92587.2,7.8731,8.6869,8.6869,12.0
ENR,1133968,266064075,1500,266059485,3301251,80.5935,35481760,8513958600,239.9531,600,23768159,0.375,93033,23,23,36954.0,326087.0,184025.0,8.8241,8.8241,8.8241,12.0
ENR,1133968,266064075,1500,266059485,3301251,80.5935,35481760,8513958600,239.9531,600,28642920,0.500,93033,34,34,45706.0,401966.0,222996.0,8.7946,8.7946,8.7946,12.0
ENR,1133968,266064075,1500,266059485,3301251,80.5935,35481760,8513958600,239.9531,600,34756440,0.625,93033,39,39,59767.0,526444.0,286286.0,8.8083,8.8083,8.8083,12.0
ENR,1133968,266064075,1500,266059485,3301251,80.5935,35481760,8513958600,239.9531,600,40388373,0.750,93033,45,45,70204.0,615023.0,331867.0,8.7605,8.7605,8.7605,12.0
ENR,1133968,266064075,1500,266059485,3301251,80.5935,35481760,8513958600,239.9531,600,42818944,0.875,93033,53,53,84181.0,740518.0,398658.0,8.7967,8.7967,8.7967,12.0
ENR,1133968,266064075,1500,266059485,3301251,80.5935,35481760,8513958600,239.9531,900,16593900,0.125,34060,8,8,4206.0,39407.0,30879.0,9.3692,9.3692,9.3692,12.0
ENR,1133968,266064075,1500,266059485,3301251,80.5935,35481760,8513958600,239.9531,900,17246460,0.250,34060,17,17,7031.5,62640.4,42589.2,8.2541,9.0102,9.0102,12.0
ENR,1133968,266064075,1500,266059485,3301251,80.5935,35481760,8513958600,239.9531,900,20173532,0.375,34060,23,23,11951.7,109428.9,67667.4,8.8918,9.1786,9.1786,12.0
ENR,1133968,266064075,1500,266059485,3301251,80.5935,35481760,8513958600,239.9531,900,23071560,0.500,34060,27,27,16241.7,143207.9,83933.1,8.5994,8.8308,8.8308,12.0
ENR,1133968,266064075,1500,266059485,3301251,80.5935,35481760,8513958600,239.9531,900,25023364,0.625,34060,42,42,21041.2,182643.9,101538.6,8.4024,8.6934,8.6934,12.0
ENR,1133968,266064075,1500,266059485,3301251,80.5935,35481760,8513958600,239.9531,900,38829398,0.750,34060,47,47,23663.3,201829.3,113313.8,8.2859,8.5393,8.5393,12.0
ENR,1133968,266064075,1500,266059485,3301251,80.5935,35481760,8513958600,239.9531,900,53492848,0.875,34060,58,58,31812.0,281638.0,168292.0,8.8532,8.8532,8.8532,12.0
ENR,1133968,266064075,1500,266059485,3301251,80.5935,35481760,8513958600,239.9531,1200,25309860,0.125,13306,10,10,2438.0,25456.0,21798.0,10.4413,10.4413,10.4413,12.0
ENR,1133968,266064075,1500,266059485,3301251,80.5935,35481760,8513958600,239.9531,1200,26304094,0.250,13306,46,46,9208.0,83364.0,55920.0,9.0534,9.0534,9.0534,12.0
ENR,1133968,266064075,1500,266059485,3301251,80.5935,35481760,8513958600,239.9531,1200,26304094,0.375,13306,51,51,9208.0,83364.0,55920.0,9.0534,9.0534,9.0534,12.0
ENR,1133968,266064075,1500,266059485,3301251,80.5935,35481760,8513958600,239.9531,1200,26304094,0.500,13306,37,37,9208.0,83364.0,55920.0,9.0534,9.0534,9.0534,12.0
ENR,1133968,266064075,1500,266059485,3301251,80.5935,35481760,8513958600,239.9531,1200,26304094,0.625,13306,44,44,9208.0,83364.0,55920.0,9.0534,9.0534,9.0534,12.0
ENR,1133968,266064075,1500,266059485,3301251,80.5935,35481760,8513958600,239.9531,1200,53226802,0.750,13306,60,60,13287.0,119787.0,75773.0,9.0154,9.0154,9.0154,12.0
ENR,1133968,266064075,1500,266059485,3301251,80.5935,35481760,8513958600,239.9531,1200,53226802,0.875,13306,60,60,13287.0,119787.0,75773.0,9.0154,9.0154,9.0154,12.0
ENR,1133968,266064075,1500,266059485,3301251,80.5935,35481760,8513958600,239.9531,1500,42466825,0.125,9906,60,60,9849.0,89910.0,59670.0,9.1288,9.1288,9.1288,12.0
ENR,1133968,266064075,1500,266059485,3301251,80.5935,35481760,8513958600,239.9531,1500,42466825,0.250,9906,59,59,9849.0,89910.0,59670.0,9.1288,9.1288,9.1288,12.0
ENR,1133968,266064075,1500,266059485,3301251,80.5935,35481760,8513958600,239.9531,1500,42466825,0.375,9906,59,59,9849.0,89910.0,59670.0,9.1288,9.1288,9.1288,12.0
ENR,1133968,266064075,1500,266059485,3301251,80.5935,35481760,8513958600,239.9531,1500,42466825,0.500,9906,60,60,9849.0,89910.0,59670.0,9.1288,9.1288,9.1288,12.0
ENR,1133968,266064075,1500,266059485,3301251,80.5935,35481760,8513958600,239.9531,1500,42466825,0.625,9906,60,60,9849.0,89910.0,59670.0,9.1288,9.1288,9.1288,12.0
ENR,1133968,266064075,1500,266059485,3301251,80.5935,35481760,8513958600,239.9531,1500,42466825,0.750,9906,60,60,9849.0,89910.0,59670.0,9.1288,9.1288,9.1288,12.0
ENR,1133968,266064075,1500,266059485,3301251,80.5935,35481760,8513958600,239.9531,1500,42466825,0.875,9906,60,60,9849.0,89910.0,59670.0,9.1288,9.1288,9.1288,12.0
