label,m,C0,kappa_max,MT,U_pairs,dedup,csr_bytes,tree_bytes,size_ratio,k,delta,delta_q,n_active,queries,exact,mean_C,mean_scan,mean_onset,mean_amp,p95_amp,max_amp,mean_tree_probe,gexact,mean_gscan,mean_gonset,mean_gamp,g_over_u,u_ns_per_query,u_ns_per_edge,g_ns_per_query,g_over_u_ns
ENR,1133968,266064075,1500,266059485,3301251,80.5935,35481760,8513958600,239.9531,1,0,0.125,1133968,60,60,82.0,500.4,382.5,5.7510,8.6471,10.4615,12.0,60,55655.4,55656.4,2787.4780,111.2219,9051.1,110.3568,264751.4,29.2507
ENR,1133968,266064075,1500,266059485,3301251,80.5935,35481760,8513958600,239.9531,1,0,0.250,1133968,60,60,64.7,373.4,283.8,5.9552,8.8333,15.0000,12.0,60,48669.4,48670.4,3030.4883,130.3413,7369.9,113.8796,193909.7,26.3110
ENR,1133968,266064075,1500,266059485,3301251,80.5935,35481760,8513958600,239.9531,1,0,0.375,1133968,60,60,70.3,413.9,325.4,5.5547,7.4194,8.0588,12.0,60,44020.4,44021.4,1658.2105,106.3552,8129.5,115.6125,179050.2,22.0248
ENR,1133968,266064075,1500,266059485,3301251,80.5935,35481760,8513958600,239.9531,1,0,0.500,1133968,60,60,68.9,408.0,310.3,6.0066,9.2000,13.0000,12.0,60,46902.1,46903.1,1693.8040,114.9655,7439.1,107.9690,186414.5,25.0589
ENR,1133968,266064075,1500,266059485,3301251,80.5935,35481760,8513958600,239.9531,1,0,0.625,1133968,60,60,68.5,411.1,321.1,5.7202,8.0000,11.3043,12.0,60,47422.3,47423.3,1942.5979,115.3499,7502.5,109.5783,198438.3,26.4498
ENR,1133968,266064075,1500,266059485,3301251,80.5935,35481760,8513958600,239.9531,1,0,0.750,1133968,60,60,76.8,445.1,350.9,5.2972,8.0213,11.3333,12.0,60,46710.7,46711.7,1419.8034,104.9560,7864.2,102.3324,196026.5,24.9263
ENR,1133968,266064075,1500,266059485,3301251,80.5935,35481760,8513958600,239.9531,1,1020,0.875,1133968,60,60,143.6,858.7,642.7,5.7303,7.6791,10.3333,12.0,60,83590.6,83591.6,1224.4987,97.3455,15342.0,106.8257,382295.6,24.9183
ENR,1133968,266064075,1500,266059485,3301251,80.5935,35481760,8513958600,239.9531,300,9660720,0.125,352532,4,4,32579.2,269009.8,144716.2,6.8697,8.2985,8.2985,12.0,4,240617.2,240618.2,6.3241,0.8945,162350685.0,4983.2542,629558003.5,3.8778
ENR,1133968,266064075,1500,266059485,3301251,80.5935,35481760,8513958600,239.9531,300,13061135,0.250,352532,15,15,88979.0,744317.0,387589.0,8.3651,8.3651,8.3651,12.0,15,500048.0,500049.0,5.6198,0.6718,76924963.5,864.5294,1426139224.9,18.5394
ENR,1133968,266064075,1500,266059485,3301251,80.5935,35481760,8513958600,239.9531,300,16670286,0.375,352532,24,24,125784.9,1043540.9,513652.3,8.1736,8.2991,8.2991,12.0,24,604142.1,604143.1,4.7208,0.5789,88887285.3,706.6612,2052425022.9,23.0902
ENR,1133968,266064075,1500,266059485,3301251,80.5935,35481760,8513958600,239.9531,300,19375560,0.500,352532,35,35,177422.0,1457750.0,694030.0,8.2163,8.2163,8.2163,12.0,35,760528.0,760529.0,4.2865,0.5217,110377073.2,622.1160,2841159742.5,25.7405
ENR,1133968,266064075,1500,266059485,3301251,80.5935,35481760,8513958600,239.9531,300,23516496,0.625,352532,40,40,220426.0,1794950.0,820918.0,8.1431,8.1431,8.1431,12.0,40,853145.0,853146.0,3.8704,0.4753,125546841.4,569.5646,3522670769.7,28.0586
ENR,1133968,266064075,1500,266059485,3301251,80.5935,35481760,8513958600,239.9531,300,29657242,0.750,352532,41,41,264399.0,2113615.0,926941.0,7.9940,7.9940,7.9940,12.0,41,927856.0,927857.0,3.5093,0.4390,138821127.6,525.0441,4172765122.2,30.0586
ENR,1133968,266064075,1500,266059485,3301251,80.5935,35481760,8513958600,239.9531,300,38241614,0.875,352532,52,52,308766.0,2440085.0,1044937.0,7.9027,7.9027,7.9027,12.0,52,1020767.0,1020768.0,3.3060,0.4183,151630469.7,491.0854,4827014156.6,31.8341
ENR,1133968,266064075,1500,266059485,3301251,80.5935,35481760,8513958600,239.9531,600,11097300,0.125,93033,6,6,13281.0,117568.0,70788.0,8.8523,8.8523,8.8523,12.0,6,126376.0,126377.0,9.5155,1.0749,19614755.1,1476.9035,167688270.2,8.5491
ENR,1133968,266064075,1500,266059485,3301251,80.5935,35481760,8513958600,239.9531,600,15669000,0.250,93033,12,12,20355.1,176646.1,97843.4,8.3920,8.6869,8.6869,12.0,12,131326.5,131327.5,6.9725,0.7434,16165156.2,794.1582,301368327.3,18.6431
ENR,1133968,266064075,1500,266059485,3301251,80.5935,35481760,8513958600,239.9531,600,23768159,0.375,93033,25,25,31192.6,274303.6,154944.4,7.8256,8.8241,8.8241,12.0,25,201767.2,201768.2,5.9346,0.7356,25458155.0,816.1611,423652038.0,16.6411
ENR,1133968,266064075,1500,266059485,3301251,80.5935,35481760,8513958600,239.9531,600,28642920,0.500,93033,28,28,45706.0,401966.0,222996.0,8.7946,8.7946,8.7946,12.0,28,271208.0,271209.0,5.9338,0.6747,34251358.4,749.3843,635061968.4,18.5412
ENR,1133968,266064075,1500,266059485,3301251,80.5935,35481760,8513958600,239.9531,600,34756440,0.625,93033,36,36,59767.0,526444.0,286286.0,8.8083,8.8083,8.8083,12.0,36,352809.0,352810.0,5.9031,0.6702,41433372.4,693.2483,796679012.4,19.2280
ENR,1133968,266064075,1500,266059485,3301251,80.5935,35481760,8513958600,239.9531,600,40388373,0.750,93033,44,44,70204.0,615023.0,331867.0,8.7605,8.7605,8.7605,12.0,44,383536.0,383537.0,5.4632,0.6236,45769793.3,651.9542,951929134.9,20.7982
ENR,1133968,266064075,1500,266059485,3301251,80.5935,35481760,8513958600,239.9531,600,42818944,0.875,93033,54,54,84181.0,740518.0,398658.0,8.7967,8.7967,8.7967,12.0,54,449975.0,449976.0,5.3453,0.6076,53131519.1,631.1581,1132306722.1,21.3114
ENR,1133968,266064075,1500,266059485,3301251,80.5935,35481760,8513958600,239.9531,900,16593900,0.125,34060,11,11,4206.0,39407.0,30879.0,9.3692,9.3692,9.3692,12.0,11,72044.0,72045.0,17.1289,1.8282,6875455.2,1634.6779,40933319.3,5.9535
ENR,1133968,266064075,1500,266059485,3301251,80.5935,35481760,8513958600,239.9531,900,17246460,0.250,34060,17,17,6219.9,54613.8,37213.5,7.4979,9.0102,9.0102,12.0,17,77158.2,77159.2,10.4679,1.4128,6009121.4,966.1058,70523655.4,11.7361
ENR,1133968,266064075,1500,266059485,3301251,80.5935,35481760,8513958600,239.9531,900,20173532,0.375,34060,22,22,11405.9,104123.7,64424.6,8.5790,9.1786,9.1786,12.0,22,102158.8,102159.8,8.4600,0.9811,9971050.5,874.2004,152229883.7,15.2672
ENR,1133968,266064075,1500,266059485,3301251,80.5935,35481760,8513958600,239.9531,900,23071560,0.500,34060,34,34,15895.6,140023.1,82085.6,8.4633,8.8308,8.8308,12.0,34,119111.4,119112.4,7.2464,0.8507,12235608.4,769.7487,225114148.6,18.3983
ENR,1133968,266064075,1500,266059485,3301251,80.5935,35481760,8513958600,239.9531,900,25023364,0.625,34060,34,34,19563.5,169393.6,94239.5,7.9745,8.6934,8.6934,12.0,34,123576.7,123577.7,5.9482,0.7295,13149522.4,672.1447,292756726.3,22.2637
ENR,1133968,266064075,1500,266059485,3301251,80.5935,35481760,8513958600,239.9531,900,38829398,0.750,34060,40,40,24079.8,205484.8,115349.6,8.3904,8.5393,8.5393,12.0,40,147791.2,147792.2,6.0632,0.7192,15886829.1,659.7575,361918379.0,22.7810
ENR,1133968,266064075,1500,266059485,3301251,80.5935,35481760,8513958600,239.9531,900,53492848,0.875,34060,57,57,31812.0,281638.0,168292.0,8.8532,8.8532,8.8532,12.0,57,219073.0,219074.0,6.8865,0.7779,22247191.8,699.3333,418684765.0,18.8197
ENR,1133968,266064075,1500,266059485,3301251,80.5935,35481760,8513958600,239.9531,1200,25309860,0.125,13306,9,9,2438.0,25456.0,21798.0,10.4413,10.4413,10.4413,12.0,9,60184.0,60185.0,24.6858,2.3642,4323163.4,1773.2418,21772201.7,5.0362
ENR,1133968,266064075,1500,266059485,3301251,80.5935,35481760,8513958600,239.9531,1200,26304094,0.250,13306,40,40,9208.0,83364.0,55920.0,9.0534,9.0534,9.0534,12.0,40,100014.0,100015.0,10.8616,1.1997,7151473.5,776.6587,115819259.8,16.1952
ENR,1133968,266064075,1500,266059485,3301251,80.5935,35481760,8513958600,239.9531,1200,26304094,0.375,13306,45,45,9208.0,83364.0,55920.0,9.0534,9.0534,9.0534,12.0,45,100014.0,100015.0,10.8616,1.1997,7126508.5,773.9475,116362462.7,16.3281
ENR,1133968,266064075,1500,266059485,3301251,80.5935,35481760,8513958600,239.9531,1200,26304094,0.500,13306,45,45,9208.0,83364.0,55920.0,9.0534,9.0534,9.0534,12.0,45,100014.0,100015.0,10.8616,1.1997,7144945.7,775.9498,116031628.3,16.2397
ENR,1133968,266064075,1500,266059485,3301251,80.5935,35481760,8513958600,239.9531,1200,26304094,0.625,13306,41,41,9208.0,83364.0,55920.0,9.0534,9.0534,9.0534,12.0,41,100014.0,100015.0,10.8616,1.1997,7488401.8,813.2495,116677284.3,15.5811
ENR,1133968,266064075,1500,266059485,3301251,80.5935,35481760,8513958600,239.9531,1200,53226802,0.750,13306,59,59,13287.0,119787.0,75773.0,9.0154,9.0154,9.0154,12.0,59,110815.0,110816.0,8.3401,0.9251,9593891.0,722.0510,183821823.1,19.1603
ENR,1133968,266064075,1500,266059485,3301251,80.5935,35481760,8513958600,239.9531,1200,53226802,0.875,13306,60,60,13287.0,119787.0,75773.0,9.0154,9.0154,9.0154,12.0,60,110815.0,110816.0,8.3401,0.9251,9370744.7,705.2566,181963566.4,19.4183
ENR,1133968,266064075,1500,266059485,3301251,80.5935,35481760,8513958600,239.9531,1500,42466825,0.125,9906,60,60,9849.0,89910.0,59670.0,9.1288,9.1288,9.1288,12.0,60,100014.0,100015.0,10.1547,1.1124,6886984.8,699.2573,127227798.2,18.4737
ENR,1133968,266064075,1500,266059485,3301251,80.5935,35481760,8513958600,239.9531,1500,42466825,0.250,9906,60,60,9849.0,89910.0,59670.0,9.1288,9.1288,9.1288,12.0,60,100014.0,100015.0,10.1547,1.1124,6807008.8,691.1370,127245301.3,18.6933
ENR,1133968,266064075,1500,266059485,3301251,80.5935,35481760,8513958600,239.9531,1500,42466825,0.375,9906,60,60,9849.0,89910.0,59670.0,9.1288,9.1288,9.1288,12.0,60,100014.0,100015.0,10.1547,1.1124,6822245.7,692.6841,127286774.7,18.6576
ENR,1133968,266064075,1500,266059485,3301251,80.5935,35481760,8513958600,239.9531,1500,42466825,0.500,9906,60,60,9849.0,89910.0,59670.0,9.1288,9.1288,9.1288,12.0,60,100014.0,100015.0,10.1547,1.1124,6820905.3,692.5480,127298269.0,18.6630
ENR,1133968,266064075,1500,266059485,3301251,80.5935,35481760,8513958600,239.9531,1500,42466825,0.625,9906,60,60,9849.0,89910.0,59670.0,9.1288,9.1288,9.1288,12.0,60,100014.0,100015.0,10.1547,1.1124,6824184.4,692.8809,127251700.4,18.6472
ENR,1133968,266064075,1500,266059485,3301251,80.5935,35481760,8513958600,239.9531,1500,42466825,0.750,9906,60,60,9849.0,89910.0,59670.0,9.1288,9.1288,9.1288,12.0,60,100014.0,100015.0,10.1547,1.1124,6813560.8,691.8023,127476268.4,18.7092
ENR,1133968,266064075,1500,266059485,3301251,80.5935,35481760,8513958600,239.9531,1500,42466825,0.875,9906,60,60,9849.0,89910.0,59670.0,9.1288,9.1288,9.1288,12.0,60,100014.0,100015.0,10.1547,1.1124,6802711.3,690.7007,127115134.1,18.6860
DBLPCA,11859561,264757513,562,264653525,20433668,12.9518,258345840,8470160656,32.7861,1,0,0.125,11859561,24,24,479510.4,1690045.8,1396544.4,3.3731,3.9625,5.0000,12.0,24,7059031.3,7059032.3,23.4523,4.1768,58852485.0,122.7345,267224976.0,4.5406
DBLPCA,11859561,264757513,562,264653525,20433668,12.9518,258345840,8470160656,32.7861,1,0,0.250,11859561,26,26,494573.7,1676342.3,1392870.7,3.3187,3.9091,4.2593,12.0,26,6480019.8,6480020.8,17.1214,3.8656,60715183.4,122.7627,267108951.0,4.3994
DBLPCA,11859561,264757513,562,264653525,20433668,12.9518,258345840,8470160656,32.7861,1,0,0.375,11859561,33,33,375956.9,1275767.0,1055611.8,3.4379,4.6296,4.7273,12.0,33,5208480.7,5208481.7,26.1286,4.0826,45206728.7,120.2444,201589656.1,4.4593
DBLPCA,11859561,264757513,562,264653525,20433668,12.9518,258345840,8470160656,32.7861,1,0,0.500,11859561,20,20,614230.9,2125526.9,1751941.9,3.1977,3.7858,4.2655,12.0,20,8290001.0,8290002.0,13.5333,3.9002,75486172.9,122.8954,338301283.7,4.4816
DBLPCA,11859561,264757513,562,264653525,20433668,12.9518,258345840,8470160656,32.7861,1,0,0.625,11859561,25,25,469521.6,1635120.0,1349687.4,3.3530,4.0132,4.5569,12.0,25,6609018.6,6609019.6,14.9677,4.0419,57423729.0,122.3026,258779058.6,4.5065
DBLPCA,11859561,264757513,562,264653525,20433668,12.9518,258345840,8470160656,32.7861,1,0,0.750,11859561,23,23,447656.7,1624664.9,1329622.9,3.3657,4.0068,4.2380,12.0,23,7222619.6,7222620.6,15.2775,4.4456,57528344.6,128.5099,258772520.3,4.4982
DBLPCA,11859561,264757513,562,264653525,20433668,12.9518,258345840,8470160656,32.7861,1,0,0.875,11859561,24,24,506155.4,1737523.5,1440722.5,3.5477,4.3810,5.4444,12.0,24,6800647.8,6800648.8,18.8676,3.9140,63111634.8,124.6883,280126451.7,4.4386
DBLPCA,11859561,264757513,562,264653525,20433668,12.9518,258345840,8470160656,32.7861,113,0,0.125,147613,49,49,35760.6,72153.6,72139.3,2.0258,2.0689,2.1580,12.0,49,128821.7,128822.7,3.5740,1.7854,965242.6,26.9918,31061996.2,32.1805
DBLPCA,11859561,264757513,562,264653525,20433668,12.9518,258345840,8470160656,32.7861,113,0,0.250,147613,56,56,33267.6,67201.6,67178.8,2.0343,2.1580,2.1580,12.0,56,110284.6,110285.6,3.3237,1.6411,939834.0,28.2507,28257756.0,30.0668
DBLPCA,11859561,264757513,562,264653525,20433668,12.9518,258345840,8470160656,32.7861,113,0,0.375,147613,56,56,36955.7,74495.7,74483.4,2.0192,2.0157,2.1580,12.0,56,129667.6,129668.6,3.4643,1.7406,972452.5,26.3140,32133338.5,33.0436
DBLPCA,11859561,264757513,562,264653525,20433668,12.9518,258345840,8470160656,32.7861,113,0,0.500,147613,48,48,32492.9,65711.4,65688.4,2.0409,2.1580,2.1580,12.0,48,115284.4,115285.4,3.5543,1.7544,894240.6,27.5211,27753766.2,31.0361
DBLPCA,11859561,264757513,562,264653525,20433668,12.9518,258345840,8470160656,32.7861,113,0,0.625,147613,54,54,35576.8,71764.2,71751.9,2.0242,2.0689,2.1580,12.0,54,129106.6,129107.6,3.5975,1.7990,951378.6,26.7416,31098813.4,32.6882
DBLPCA,11859561,264757513,562,264653525,20433668,12.9518,258345840,8470160656,32.7861,113,0,0.750,147613,53,53,34341.2,69329.3,69311.2,2.0302,2.1580,2.1580,12.0,53,119945.2,119946.2,3.4779,1.7301,946023.6,27.5478,29437816.8,31.1174
DBLPCA,11859561,264757513,562,264653525,20433668,12.9518,258345840,8470160656,32.7861,113,0,0.875,147613,54,54,35347.4,71283.7,71265.4,2.0232,2.0689,2.1580,12.0,54,115086.4,115087.4,3.2272,1.6145,985198.5,27.8719,30300353.1,30.7556
DBLPCA,11859561,264757513,562,264653525,20433668,12.9518,258345840,8470160656,32.7861,225,0,0.125,115569,60,60,38582.7,77737.2,77727.3,2.0147,2.0157,2.0157,12.0,60,136849.2,136850.2,3.4922,1.7604,1033392.2,26.7838,34354815.7,33.2447
DBLPCA,11859561,264757513,562,264653525,20433668,12.9518,258345840,8470160656,32.7861,225,0,0.250,115569,60,60,38270.4,77101.2,77088.9,2.0145,2.0157,2.0157,12.0,60,129852.5,129853.5,3.3275,1.6842,1044539.3,27.2937,33925295.9,32.4787
DBLPCA,11859561,264757513,562,264653525,20433668,12.9518,258345840,8470160656,32.7861,225,0,0.375,115569,59,59,37792.2,76130.2,76116.7,2.0143,2.0157,2.0157,12.0,59,124795.4,124796.4,3.2344,1.6392,1020826.0,27.0116,33549963.0,32.8655
DBLPCA,11859561,264757513,562,264653525,20433668,12.9518,258345840,8470160656,32.7861,225,0,0.500,115569,60,60,38496.6,77562.1,77551.7,2.0147,2.0157,2.0157,12.0,60,135426.0,135427.0,3.4610,1.7460,1015898.2,26.3893,34232210.5,33.6965
DBLPCA,11859561,264757513,562,264653525,20433668,12.9518,258345840,8470160656,32.7861,225,0,0.625,115569,60,60,38974.6,78533.7,78525.4,2.0149,2.0157,2.0157,12.0,60,142589.5,142590.5,3.6134,1.8156,1051864.1,26.9885,34889281.7,33.1690
DBLPCA,11859561,264757513,562,264653525,20433668,12.9518,258345840,8470160656,32.7861,225,0,0.750,115569,60,60,38897.0,78375.1,78365.9,2.0149,2.0157,2.0157,12.0,60,139838.5,139839.5,3.5440,1.7842,1061203.5,27.2824,34216292.6,32.2429
DBLPCA,11859561,264757513,562,264653525,20433668,12.9518,258345840,8470160656,32.7861,225,0,0.875,115569,60,60,39211.3,79013.1,79004.4,2.0150,2.0157,2.0157,12.0,60,142827.8,142828.8,3.5958,1.8076,1213390.1,30.9449,35339394.9,29.1245
DBLPCA,11859561,264757513,562,264653525,20433668,12.9518,258345840,8470160656,32.7861,337,63072000,0.125,79243,60,60,79243.0,159441.0,158873.0,2.0121,2.0121,2.0121,12.0,60,160614.0,160615.0,2.0269,1.0074,2320544.7,29.2839,149017273.2,64.2165
DBLPCA,11859561,264757513,562,264653525,20433668,12.9518,258345840,8470160656,32.7861,337,63072000,0.250,79243,60,60,79243.0,159441.0,158873.0,2.0121,2.0121,2.0121,12.0,60,160614.0,160615.0,2.0269,1.0074,2319384.9,29.2693,149301563.2,64.3712
DBLPCA,11859561,264757513,562,264653525,20433668,12.9518,258345840,8470160656,32.7861,337,63072000,0.375,79243,60,60,79243.0,159441.0,158873.0,2.0121,2.0121,2.0121,12.0,60,160614.0,160615.0,2.0269,1.0074,2442906.0,30.8280,145531309.0,59.5730
DBLPCA,11859561,264757513,562,264653525,20433668,12.9518,258345840,8470160656,32.7861,337,63072000,0.500,79243,60,60,79243.0,159441.0,158873.0,2.0121,2.0121,2.0121,12.0,60,160614.0,160615.0,2.0269,1.0074,2258605.4,28.5023,145367763.7,64.3617
DBLPCA,11859561,264757513,562,264653525,20433668,12.9518,258345840,8470160656,32.7861,337,63072000,0.625,79243,60,60,79243.0,159441.0,158873.0,2.0121,2.0121,2.0121,12.0,60,160614.0,160615.0,2.0269,1.0074,2698138.9,34.0489,143642128.6,53.2375
DBLPCA,11859561,264757513,562,264653525,20433668,12.9518,258345840,8470160656,32.7861,337,63072000,0.750,79243,60,60,79243.0,159441.0,158873.0,2.0121,2.0121,2.0121,12.0,60,160614.0,160615.0,2.0269,1.0074,2599964.0,32.8100,143672780.8,55.2595
DBLPCA,11859561,264757513,562,264653525,20433668,12.9518,258345840,8470160656,32.7861,337,63072000,0.875,79243,60,60,79243.0,159441.0,158873.0,2.0121,2.0121,2.0121,12.0,60,160614.0,160615.0,2.0269,1.0074,2410602.4,30.4204,143705421.8,59.6139
DBLPCA,11859561,264757513,562,264653525,20433668,12.9518,258345840,8470160656,32.7861,449,63072000,0.125,79243,60,60,79243.0,159441.0,158873.0,2.0121,2.0121,2.0121,12.0,60,160614.0,160615.0,2.0269,1.0074,2407663.9,30.3833,143680921.5,59.6765
DBLPCA,11859561,264757513,562,264653525,20433668,12.9518,258345840,8470160656,32.7861,449,63072000,0.250,79243,60,60,79243.0,159441.0,158873.0,2.0121,2.0121,2.0121,12.0,60,160614.0,160615.0,2.0269,1.0074,2397140.8,30.2505,144016965.1,60.0786
DBLPCA,11859561,264757513,562,264653525,20433668,12.9518,258345840,8470160656,32.7861,449,63072000,0.375,79243,60,60,79243.0,159441.0,158873.0,2.0121,2.0121,2.0121,12.0,60,160614.0,160615.0,2.0269,1.0074,2426613.8,30.6224,143452212.4,59.1162
DBLPCA,11859561,264757513,562,264653525,20433668,12.9518,258345840,8470160656,32.7861,449,63072000,0.500,79243,60,60,79243.0,159441.0,158873.0,2.0121,2.0121,2.0121,12.0,60,160614.0,160615.0,2.0269,1.0074,2424840.1,30.6001,142930950.4,58.9445
DBLPCA,11859561,264757513,562,264653525,20433668,12.9518,258345840,8470160656,32.7861,449,63072000,0.625,79243,60,60,79243.0,159441.0,158873.0,2.0121,2.0121,2.0121,12.0,60,160614.0,160615.0,2.0269,1.0074,2291694.9,28.9198,142390277.7,62.1332
DBLPCA,11859561,264757513,562,264653525,20433668,12.9518,258345840,8470160656,32.7861,449,63072000,0.750,79243,60,60,79243.0,159441.0,158873.0,2.0121,2.0121,2.0121,12.0,60,160614.0,160615.0,2.0269,1.0074,2361798.2,29.8045,142263117.3,60.2351
DBLPCA,11859561,264757513,562,264653525,20433668,12.9518,258345840,8470160656,32.7861,449,63072000,0.875,79243,60,60,79243.0,159441.0,158873.0,2.0121,2.0121,2.0121,12.0,60,160614.0,160615.0,2.0269,1.0074,2309150.5,29.1401,142211246.8,61.5860
DBLPCA,11859561,264757513,562,264653525,20433668,12.9518,258345840,8470160656,32.7861,562,63072000,0.125,79243,60,60,79243.0,159441.0,158873.0,2.0121,2.0121,2.0121,12.0,60,160614.0,160615.0,2.0269,1.0074,2312160.3,29.1781,142170388.0,61.4881
DBLPCA,11859561,264757513,562,264653525,20433668,12.9518,258345840,8470160656,32.7861,562,63072000,0.250,79243,60,60,79243.0,159441.0,158873.0,2.0121,2.0121,2.0121,12.0,60,160614.0,160615.0,2.0269,1.0074,2346465.3,29.6110,142356340.6,60.6684
DBLPCA,11859561,264757513,562,264653525,20433668,12.9518,258345840,8470160656,32.7861,562,63072000,0.375,79243,60,60,79243.0,159441.0,158873.0,2.0121,2.0121,2.0121,12.0,60,160614.0,160615.0,2.0269,1.0074,2343263.8,29.5706,142456900.1,60.7942
DBLPCA,11859561,264757513,562,264653525,20433668,12.9518,258345840,8470160656,32.7861,562,63072000,0.500,79243,60,60,79243.0,159441.0,158873.0,2.0121,2.0121,2.0121,12.0,60,160614.0,160615.0,2.0269,1.0074,2284409.3,28.8279,142158660.5,62.2299
DBLPCA,11859561,264757513,562,264653525,20433668,12.9518,258345840,8470160656,32.7861,562,63072000,0.625,79243,60,60,79243.0,159441.0,158873.0,2.0121,2.0121,2.0121,12.0,60,160614.0,160615.0,2.0269,1.0074,2284480.3,28.8288,142421388.8,62.3430
DBLPCA,11859561,264757513,562,264653525,20433668,12.9518,258345840,8470160656,32.7861,562,63072000,0.750,79243,60,60,79243.0,159441.0,158873.0,2.0121,2.0121,2.0121,12.0,60,160614.0,160615.0,2.0269,1.0074,2282055.0,28.7982,142248262.1,62.3334
DBLPCA,11859561,264757513,562,264653525,20433668,12.9518,258345840,8470160656,32.7861,562,63072000,0.875,79243,60,60,79243.0,159441.0,158873.0,2.0121,2.0121,2.0121,12.0,60,160614.0,160615.0,2.0269,1.0074,2304816.6,29.0854,144206898.1,62.5676
YT,12223774,216638111,123,216635069,24317812,8.9085,292332696,6932358712,23.7139,1,0,0.125,12223774,29,29,498333.3,1715338.9,1354475.6,4.1511,5.3070,5.4233,12.0,29,5693504.6,5693505.6,70.5514,3.3192,78164362.2,156.8516,777097925.2,9.9418
YT,12223774,216638111,123,216635069,24317812,8.9085,292332696,6932358712,23.7139,1,0,0.250,12223774,20,20,880325.4,2913746.7,2263785.3,4.1292,5.0027,5.2192,12.0,20,7291180.3,7291181.3,62.4356,2.5023,137924311.1,156.6742,1431226962.7,10.3769
YT,12223774,216638111,123,216635069,24317812,8.9085,292332696,6932358712,23.7139,1,0,0.375,12223774,21,21,919943.7,3003062.1,2320966.7,3.8651,4.8836,5.1875,12.0,21,6883087.2,6883088.2,55.2952,2.2920,146753584.3,159.5245,1532471479.1,10.4425
YT,12223774,216638111,123,216635069,24317812,8.9085,292332696,6932358712,23.7139,1,0,0.500,12223774,31,31,438416.6,1494739.5,1175109.2,4.0191,5.0755,5.8059,12.0,31,5150728.7,5150729.7,67.2536,3.4459,68760050.9,156.8373,699701840.9,10.1760
YT,12223774,216638111,123,216635069,24317812,8.9085,292332696,6932358712,23.7139,1,0,0.625,12223774,29,29,583593.8,1982173.1,1557448.9,4.2722,5.4799,5.9097,12.0,29,5436819.2,5436820.2,89.4953,2.7429,91799916.0,157.3011,916647786.6,9.9853
YT,12223774,216638111,123,216635069,24317812,8.9085,292332696,6932358712,23.7139,1,0,0.750,12223774,24,24,834183.3,2738315.8,2122781.8,3.7684,5.1795,5.2933,12.0,24,5782386.2,5782387.2,50.3250,2.1117,127455598.6,152.7909,1303458039.9,10.2268
YT,12223774,216638111,123,216635069,24317812,8.9085,292332696,6932358712,23.7139,1,0,0.875,12223774,25,25,641861.3,2161278.8,1691710.8,3.9827,4.8903,4.9178,12.0,25,6050453.9,6050454.9,54.8189,2.7995,96498728.8,150.3420,980205737.5,10.1577
YT,12223774,216638111,123,216635069,24317812,8.9085,292332696,6932358712,23.7139,25,0,0.125,2902347,2,2,379190.0,1277183.0,957311.0,3.3682,3.3682,3.3682,12.0,2,3121730.0,3121731.0,8.2326,2.4442,128137143.4,337.9233,689557316.0,5.3814
YT,12223774,216638111,123,216635069,24317812,8.9085,292332696,6932358712,23.7139,25,1036800,0.250,2902347,13,13,383935.2,1915838.0,1220803.0,5.0701,6.8650,6.8650,12.0,13,4047792.6,4047793.6,10.6770,2.1128,147202524.7,383.4046,636950842.6,4.3270
YT,12223774,216638111,123,216635069,24317812,8.9085,292332696,6932358712,23.7139,25,1900800,0.375,2902347,23,23,586056.0,3391188.7,1956506.5,5.4779,6.6070,6.6070,12.0,23,4965345.8,4965346.8,8.4102,1.4642,223012934.0,380.5318,1363316001.7,6.1132
YT,12223774,216638111,123,216635069,24317812,8.9085,292332696,6932358712,23.7139,25,3024000,0.500,2902347,12,12,1467102.0,8353866.0,4737850.8,5.6941,5.6941,5.6941,12.0,12,9063284.0,9063285.0,6.1777,1.0849,551774026.1,376.0979,4099015971.9,7.4288
YT,12223774,216638111,123,216635069,24317812,8.9085,292332696,6932358712,23.7139,25,4752000,0.625,2902347,10,10,1815120.0,10534385.0,5805248.6,5.8037,5.8037,5.8037,12.0,10,9746722.0,9746723.0,5.3697,0.9252,702417710.7,386.9814,6191170125.4,8.8141
YT,12223774,216638111,123,216635069,24317812,8.9085,292332696,6932358712,23.7139,25,6912000,0.750,2902347,9,9,2178347.0,12623853.0,6811042.0,5.7952,5.7952,5.7952,12.0,9,10420149.0,10420150.0,4.7835,0.8254,845474312.0,388.1266,8302627660.6,9.8201
YT,12223774,216638111,123,216635069,24317812,8.9085,292332696,6932358712,23.7139,25,11833200,0.875,2902347,8,8,2542263.0,14632351.0,7740746.2,5.7556,5.7556,5.7556,12.0,8,10997625.0,10997626.0,4.3259,0.7516,975533420.9,383.7264,10605999687.1,10.8720
YT,12223774,216638111,123,216635069,24317812,8.9085,292332696,6932358712,23.7139,49,1814400,0.125,1248033,8,8,84600.0,549734.5,370445.9,6.0070,7.8386,7.8386,12.0,8,2253138.5,2253139.5,25.2805,4.0986,40425866.4,477.8471,160919785.2,3.9806
YT,12223774,216638111,123,216635069,24317812,8.9085,292332696,6932358712,23.7139,49,2592000,0.250,1248033,16,16,200379.2,1451021.5,870977.9,6.7285,7.5281,7.5281,12.0,16,3535998.0,3535999.0,18.1315,2.4369,103409048.8,516.0667,465592183.8,4.5024
YT,12223774,216638111,123,216635069,24317812,8.9085,292332696,6932358712,23.7139,49,3801600,0.375,1248033,19,19,468583.0,3203845.0,1885045.3,6.8373,6.8373,6.8373,12.0,19,5662189.0,5662190.0,12.0836,1.7673,226842223.6,484.1025,1162571436.4,5.1250
YT,12223774,216638111,123,216635069,24317812,8.9085,292332696,6932358712,23.7139,49,5184000,0.500,1248033,20,20,628833.0,4262474.0,2453800.3,6.7784,6.7784,6.7784,12.0,20,6237049.0,6237050.0,9.9185,1.4632,300273499.1,477.5091,1776914188.7,5.9177
YT,12223774,216638111,123,216635069,24317812,8.9085,292332696,6932358712,23.7139,49,6908400,0.625,1248033,17,17,780561.0,5280557.0,2987809.4,6.7651,6.7651,6.7651,12.0,17,6728726.0,6728727.0,8.6204,1.2742,344581562.2,441.4537,2100305014.3,6.0952
YT,12223774,216638111,123,216635069,24317812,8.9085,292332696,6932358712,23.7139,49,9846000,0.750,1248033,15,15,936313.0,6282196.0,3497652.8,6.7095,6.7095,6.7095,12.0,15,7154965.0,7154966.0,7.6416,1.1389,415215085.1,443.4576,2873054042.8,6.9194
YT,12223774,216638111,123,216635069,24317812,8.9085,292332696,6932358712,23.7139,49,14166000,0.875,1248033,14,14,1093634.0,7223217.0,3981377.9,6.6048,6.6048,6.6048,12.0,14,7549405.0,7549406.0,6.9030,1.0452,479666636.4,438.5989,3593154322.1,7.4909
YT,12223774,216638111,123,216635069,24317812,8.9085,292332696,6932358712,23.7139,74,3801600,0.125,504707,12,12,68384.0,594902.0,389392.0,8.6994,8.6994,8.6994,12.0,12,3050494.0,3050495.0,44.6083,5.1277,43660608.3,638.4623,176084629.2,4.0330
YT,12223774,216638111,123,216635069,24317812,8.9085,292332696,6932358712,23.7139,74,4406400,0.250,504707,15,15,130543.0,1077606.0,673868.0,8.2548,8.2548,8.2548,12.0,15,3498620.0,3498621.0,26.8005,3.2467,75961476.7,581.8885,328610863.9,4.3260
YT,12223774,216638111,123,216635069,24317812,8.9085,292332696,6932358712,23.7139,74,5702400,0.375,504707,18,18,196936.0,1598089.0,968563.0,8.1148,8.1148,8.1148,12.0,18,3960497.0,3960498.0,20.1106,2.4783,108190464.9,549.3687,528127994.8,4.8815
YT,12223774,216638111,123,216635069,24317812,8.9085,292332696,6932358712,23.7139,74,6825600,0.500,504707,31,31,252965.0,2030103.0,1214589.0,8.0252,8.0252,8.0252,12.0,31,4235936.0,4235937.0,16.7451,2.0866,136253312.2,538.6252,694109475.2,5.0943
YT,12223774,216638111,123,216635069,24317812,8.9085,292332696,6932358712,23.7139,74,9500400,0.625,504707,29,29,316841.0,2523649.0,1474001.0,7.9650,7.9650,7.9650,12.0,29,4490755.0,4490756.0,14.1735,1.7795,164731221.3,519.9176,917417161.1,5.5692
YT,12223774,216638111,123,216635069,24317812,8.9085,292332696,6932358712,23.7139,74,12524400,0.750,504707,26,26,378535.0,2970296.0,1712328.0,7.8468,7.8468,7.8468,12.0,26,4737147.0,4737148.0,12.5144,1.5948,188462898.0,497.8744,1142249989.0,6.0609
YT,12223774,216638111,123,216635069,24317812,8.9085,292332696,6932358712,23.7139,74,16671600,0.875,504707,24,24,442423.0,3390056.0,1934796.5,7.6625,7.6625,7.6625,12.0,24,4982248.0,4982249.0,11.2613,1.4697,210730831.2,476.3108,1386957008.7,6.5817
YT,12223774,216638111,123,216635069,24317812,8.9085,292332696,6932358712,23.7139,98,6307200,0.125,187549,10,10,38855.0,371750.0,263816.0,9.5676,9.5676,9.5676,12.0,10,2676638.0,2676639.0,68.8879,7.2001,26612742.0,684.9245,106888992.3,4.0165
YT,12223774,216638111,123,216635069,24317812,8.9085,292332696,6932358712,23.7139,98,6739200,0.250,187549,17,17,48308.0,457113.0,313199.0,9.4625,9.4625,9.4625,12.0,17,2808275.0,2808276.0,58.1327,6.1435,31585589.5,653.8377,128964202.0,4.0830
YT,12223774,216638111,123,216635069,24317812,8.9085,292332696,6932358712,23.7139,98,8204400,0.375,187549,25,25,70840.0,656815.0,426289.0,9.2718,9.2718,9.2718,12.0,25,3035585.0,3035586.0,42.8513,4.6217,42988937.8,606.8455,183762388.6,4.2746
YT,12223774,216638111,123,216635069,24317812,8.9085,292332696,6932358712,23.7139,98,9846000,0.500,187549,30,30,94482.0,857634.0,538850.0,9.0772,9.0772,9.0772,12.0,30,3214922.0,3214923.0,34.0268,3.7486,54409385.1,575.8704,250467001.7,4.6034
YT,12223774,216638111,123,216635069,24317812,8.9085,292332696,6932358712,23.7139,98,12351600,0.625,187549,34,34,117416.0,1047052.0,645734.0,8.9175,8.9175,8.9175,12.0,34,3371272.0,3371273.0,28.7122,3.2198,65059703.1,554.0957,320463347.8,4.9257
YT,12223774,216638111,123,216635069,24317812,8.9085,292332696,6932358712,23.7139,98,15721200,0.750,187549,43,43,140703.0,1223590.0,743314.0,8.6963,8.6963,8.6963,12.0,43,3524883.0,3524884.0,25.0519,2.8808,73510296.4,522.4501,400175574.5,5.4438
YT,12223774,216638111,123,216635069,24317812,8.9085,292332696,6932358712,23.7139,98,17967600,0.875,187549,40,40,165899.0,1395212.0,835426.0,8.4100,8.4100,8.4100,12.0,40,3665167.0,3665168.0,22.0928,2.6270,82309343.6,496.1413,482923817.3,5.8672
YT,12223774,216638111,123,216635069,24317812,8.9085,292332696,6932358712,23.7139,123,19263600,0.125,54467,59,59,53939.0,537800.0,366770.0,9.9705,9.9705,9.9705,12.0,59,2792785.0,2792786.0,51.7767,5.1930,30768105.0,570.4241,142508791.2,4.6317
YT,12223774,216638111,123,216635069,24317812,8.9085,292332696,6932358712,23.7139,123,19263600,0.250,54467,59,59,53939.0,537800.0,366770.0,9.9705,9.9705,9.9705,12.0,59,2792785.0,2792786.0,51.7767,5.1930,30519161.3,565.8088,143077858.6,4.6881
YT,12223774,216638111,123,216635069,24317812,8.9085,292332696,6932358712,23.7139,123,19263600,0.375,54467,59,59,53939.0,537800.0,366770.0,9.9705,9.9705,9.9705,12.0,59,2792785.0,2792786.0,51.7767,5.1930,30492358.1,565.3119,142979963.9,4.6890
YT,12223774,216638111,123,216635069,24317812,8.9085,292332696,6932358712,23.7139,123,19263600,0.500,54467,60,60,53939.0,537800.0,366770.0,9.9705,9.9705,9.9705,12.0,60,2792785.0,2792786.0,51.7767,5.1930,30793275.5,570.8907,143287790.0,4.6532
YT,12223774,216638111,123,216635069,24317812,8.9085,292332696,6932358712,23.7139,123,19263600,0.625,54467,60,60,53939.0,537800.0,366770.0,9.9705,9.9705,9.9705,12.0,60,2792785.0,2792786.0,51.7767,5.1930,30556343.6,566.4981,142761502.7,4.6721
YT,12223774,216638111,123,216635069,24317812,8.9085,292332696,6932358712,23.7139,123,19263600,0.750,54467,59,59,53939.0,537800.0,366770.0,9.9705,9.9705,9.9705,12.0,59,2792785.0,2792786.0,51.7767,5.1930,30554912.4,566.4716,142791299.6,4.6733
YT,12223774,216638111,123,216635069,24317812,8.9085,292332696,6932358712,23.7139,123,19263600,0.875,54467,60,60,53939.0,537800.0,366770.0,9.9705,9.9705,9.9705,12.0,60,2792785.0,2792786.0,51.7767,5.1930,30626081.7,567.7911,142778571.7,4.6620
AB,22507155,147127892,46,146982706,47259247,3.1101,558131224,4705188824,8.4303,1,0,0.125,22507155,60,60,128.2,752.5,682.3,4.1147,7.0000,10.2000,12.0,60,31150.3,31151.3,174.2993,41.3986,26502.6,206.7553,456231.9,17.2146
AB,22507155,147127892,46,146982706,47259247,3.1101,558131224,4705188824,8.4303,1,0,0.250,22507155,60,60,74.9,423.9,383.6,3.8457,7.3333,10.0000,12.0,60,18392.4,18393.4,142.5573,43.3903,15294.5,204.1537,243094.7,15.8942
AB,22507155,147127892,46,146982706,47259247,3.1101,558131224,4705188824,8.4303,1,86400,0.375,22507155,6,6,3792856.5,20441008.8,14757202.7,5.4679,5.3893,6.2500,12.0,6,18216685.7,18216686.7,12.2575,0.8912,695823419.5,183.4563,9439673442.5,13.5662
AB,22507155,147127892,46,146982706,47259247,3.1101,558131224,4705188824,8.4303,1,86400,0.500,22507155,11,11,2068830.8,11149639.1,8049205.8,4.2779,5.3893,5.5000,12.0,11,9936458.9,9936459.9,92.7010,0.8912,380707636.0,184.0207,5165956067.7,13.5694
AB,22507155,147127892,46,146982706,47259247,3.1101,558131224,4705188824,8.4303,1,345600,0.625,22507155,4,4,7620196.8,39767558.8,25988787.0,4.4140,5.2187,5.2187,12.0,4,25125211.8,25125212.8,4.2229,0.6318,1609826409.8,211.2579,19764401790.6,12.2773
AB,22507155,147127892,46,146982706,47259247,3.1101,558131224,4705188824,8.4303,1,1036800,0.750,22507155,9,9,3095864.0,15400490.3,9191130.8,3.3227,4.9745,5.0000,12.0,9,8255982.4,8255983.4,21.3377,0.5361,596996938.0,192.8369,8108929218.6,13.5829
AB,22507155,147127892,46,146982706,47259247,3.1101,558131224,4705188824,8.4303,1,4492800,0.875,22507155,2,2,18061447.0,83892282.0,45045911.0,4.6448,4.6448,4.6448,12.0,2,40747266.0,40747267.0,2.2560,0.4857,3648552401.6,202.0078,50497052863.5,13.8403
AB,22507155,147127892,46,146982706,47259247,3.1101,558131224,4705188824,8.4303,10,7603200,0.125,4701968,8,8,592279.0,5251566.0,2691882.0,8.8667,8.8667,8.8667,12.0,8,4532189.0,4532190.0,7.6521,0.8630,321811271.3,543.3441,1066534990.8,3.3142
AB,22507155,147127892,46,146982706,47259247,3.1101,558131224,4705188824,8.4303,10,12096000,0.250,4701968,11,11,1183445.0,10380277.0,5206011.2,8.7712,8.7712,8.7712,12.0,11,8151115.0,8151116.0,6.8876,0.7853,634545056.8,536.1847,2234472451.8,3.5214
AB,22507155,147127892,46,146982706,47259247,3.1101,558131224,4705188824,8.4303,10,18144000,0.375,4701968,8,8,1765583.0,15039803.0,7366572.4,8.5183,8.5183,8.5183,12.0,8,10391230.0,10391231.0,5.8854,0.6909,922376671.2,522.4205,3378526332.5,3.6628
AB,22507155,147127892,46,146982706,47259247,3.1101,558131224,4705188824,8.4303,10,27129600,0.500,4701968,7,7,2353639.0,19481179.0,9401542.0,8.2770,8.2770,8.2770,12.0,7,12327609.0,12327610.0,5.2377,0.6328,1203073818.8,511.1548,4654955375.7,3.8692
AB,22507155,147127892,46,146982706,47259247,3.1101,558131224,4705188824,8.4303,10,39484800,0.625,4701968,6,6,2940869.0,23875536.0,11479609.8,8.1185,8.1185,8.1185,12.0,6,14152896.0,14152897.0,4.8125,0.5928,1477267968.3,502.3236,5889138902.8,3.9865
AB,22507155,147127892,46,146982706,47259247,3.1101,558131224,4705188824,8.4303,10,64108800,0.750,4701968,5,5,3526880.0,28080171.0,13439488.4,7.9618,7.9618,7.9618,12.0,5,15729018.0,15729019.0,4.4598,0.5601,1735609778.1,492.1091,7334151375.8,4.2257
AB,22507155,147127892,46,146982706,47259247,3.1101,558131224,4705188824,8.4303,10,133660800,0.875,4701968,5,5,4114734.0,32128342.0,15340045.0,7.8081,7.8081,7.8081,12.0,5,17256331.0,17256332.0,4.1938,0.5371,1997808604.2,485.5256,8858555976.4,4.4341
AB,22507155,147127892,46,146982706,47259247,3.1101,558131224,4705188824,8.4303,19,15984000,0.125,2132212,8,8,267459.0,2401224.0,1250079.2,8.9779,8.9779,8.9779,12.0,8,1781053.0,1781054.0,6.6592,0.7417,147723599.8,552.3224,450169381.4,3.0474
AB,22507155,147127892,46,146982706,47259247,3.1101,558131224,4705188824,8.4303,19,24796800,0.250,2132212,17,17,533860.0,4837812.0,2494428.6,9.0619,9.0619,9.0619,12.0,17,3791410.0,3791411.0,7.1019,0.7837,294922301.4,552.4338,947358253.1,3.2122
AB,22507155,147127892,46,146982706,47259247,3.1101,558131224,4705188824,8.4303,19,33350400,0.375,2132212,16,16,801462.0,7286835.0,3750643.2,9.0919,9.0919,9.0919,12.0,16,5696205.0,5696206.0,7.1073,0.7817,444117092.5,554.1337,1501381007.5,3.3806
AB,22507155,147127892,46,146982706,47259247,3.1101,558131224,4705188824,8.4303,19,44150400,0.500,2132212,12,12,1068455.0,9702024.0,4996194.6,9.0804,9.0804,9.0804,12.0,12,7200514.0,7200515.0,6.7392,0.7422,594662891.7,556.5633,2090777986.5,3.5159
AB,22507155,147127892,46,146982706,47259247,3.1101,558131224,4705188824,8.4303,19,60825600,0.625,2132212,10,10,1332680.0,11977174.0,6093718.0,8.9873,8.9873,8.9873,12.0,10,8424318.0,8424319.0,6.3213,0.7034,720951126.4,540.9784,2643978303.6,3.6673
AB,22507155,147127892,46,146982706,47259247,3.1101,558131224,4705188824,8.4303,19,95126400,0.750,2132212,9,9,1599725.0,14321128.0,7285647.6,8.9522,8.9522,8.9522,12.0,9,9733224.0,9733225.0,6.0843,0.6796,845823449.9,528.7305,3168889580.4,3.7465
AB,22507155,147127892,46,146982706,47259247,3.1101,558131224,4705188824,8.4303,19,169344000,0.875,2132212,8,8,1865899.0,16649745.0,8510830.4,8.9232,8.9232,8.9232,12.0,8,10896656.0,10896657.0,5.8399,0.6545,972867928.6,521.3937,3820823078.6,3.9274
AB,22507155,147127892,46,146982706,47259247,3.1101,558131224,4705188824,8.4303,28,19612800,0.125,960123,12,12,120171.0,1139469.0,645259.0,9.4821,9.4821,9.4821,12.0,12,831344.0,831345.0,6.9180,0.7296,70439293.7,586.1588,180858416.0,2.5676
AB,22507155,147127892,46,146982706,47259247,3.1101,558131224,4705188824,8.4303,28,34560000,0.250,960123,20,20,241073.0,2196403.0,1184801.0,9.1109,9.1109,9.1109,12.0,20,1596745.0,1596746.0,6.6235,0.7270,129251036.7,536.1490,401233842.7,3.1043
AB,22507155,147127892,46,146982706,47259247,3.1101,558131224,4705188824,8.4303,28,53222400,0.375,960123,26,26,360216.0,3324327.0,1789699.0,9.2287,9.2287,9.2287,12.0,26,2444644.0,2444645.0,6.7866,0.7354,198728727.0,551.6932,656979567.0,3.3059
AB,22507155,147127892,46,146982706,47259247,3.1101,558131224,4705188824,8.4303,28,75513600,0.500,960123,24,24,480197.0,4556746.0,2492672.0,9.4893,9.4893,9.4893,12.0,24,3778726.0,3778727.0,7.8691,0.8293,268865171.8,559.9060,904615084.3,3.3646
AB,22507155,147127892,46,146982706,47259247,3.1101,558131224,4705188824,8.4303,28,103766400,0.625,960123,19,19,601138.0,5782425.0,3169367.0,9.6191,9.6191,9.6191,12.0,19,4785385.0,4785386.0,7.9605,0.8276,336720084.8,560.1377,1149946855.9,3.4151
AB,22507155,147127892,46,146982706,47259247,3.1101,558131224,4705188824,8.4303,28,147052800,0.750,960123,16,16,720130.0,6978334.0,3830202.6,9.6904,9.6904,9.6904,12.0,16,5761578.0,5761579.0,8.0007,0.8256,401892475.7,558.0832,1418256747.8,3.5289
AB,22507155,147127892,46,146982706,47259247,3.1101,558131224,4705188824,8.4303,28,218160000,0.875,960123,14,14,840149.0,8184065.0,4506419.5,9.7412,9.7412,9.7412,12.0,14,6635328.0,6635329.0,7.8978,0.8108,473215052.7,563.2513,1735004146.3,3.6664
AB,22507155,147127892,46,146982706,47259247,3.1101,558131224,4705188824,8.4303,37,24796800,0.125,180151,9,9,39150.0,404452.0,283496.0,10.3308,10.3308,10.3308,12.0,9,444930.0,444931.0,11.3648,1.1001,27449422.4,701.1347,59734606.0,2.1762
AB,22507155,147127892,46,146982706,47259247,3.1101,558131224,4705188824,8.4303,37,25228800,0.250,180151,16,16,50039.0,512709.0,343337.0,10.2462,10.2462,10.2462,12.0,16,507324.0,507325.0,10.1386,0.9895,34117763.4,681.8234,75510493.3,2.2132
AB,22507155,147127892,46,146982706,47259247,3.1101,558131224,4705188824,8.4303,37,26784000,0.375,180151,17,17,67767.0,680270.0,430494.0,10.0384,10.0384,10.0384,12.0,17,591531.0,591532.0,8.7289,0.8696,41596077.5,613.8102,102352796.0,2.4606
AB,22507155,147127892,46,146982706,47259247,3.1101,558131224,4705188824,8.4303,37,31017600,0.500,180151,25,25,90141.0,880395.0,530871.0,9.7669,9.7669,9.7669,12.0,25,685024.0,685025.0,7.5995,0.7781,51058303.1,566.4271,135935044.2,2.6623
AB,22507155,147127892,46,146982706,47259247,3.1101,558131224,4705188824,8.4303,37,39139200,0.625,180151,43,43,112773.0,1076189.0,629501.0,9.5430,9.5430,9.5430,12.0,43,793451.0,793452.0,7.0358,0.7373,60572751.0,537.1210,173089494.8,2.8575
AB,22507155,147127892,46,146982706,47259247,3.1101,558131224,4705188824,8.4303,37,69465600,0.750,180151,45,45,135126.0,1264237.0,727043.0,9.3560,9.3560,9.3560,12.0,45,941312.0,941313.0,6.9662,0.7446,69874372.6,517.1053,213480905.2,3.0552
AB,22507155,147127892,46,146982706,47259247,3.1101,558131224,4705188824,8.4303,37,90201600,0.875,180151,54,54,162636.0,1551762.0,905642.0,9.5413,9.5413,9.5413,12.0,54,1290917.0,1290918.0,7.9375,0.8319,85408578.9,525.1517,261551349.7,3.0624
AB,22507155,147127892,46,146982706,47259247,3.1101,558131224,4705188824,8.4303,46,59961600,0.125,37603,60,60,37027.0,384520.0,279730.0,10.3849,10.3849,10.3849,12.0,60,428702.0,428703.0,11.5781,1.1149,22078478.2,596.2805,54590485.0,2.4726
AB,22507155,147127892,46,146982706,47259247,3.1101,558131224,4705188824,8.4303,46,59961600,0.250,37603,59,59,37027.0,384520.0,279730.0,10.3849,10.3849,10.3849,12.0,59,428702.0,428703.0,11.5781,1.1149,22703762.9,613.1678,55811340.8,2.4582
AB,22507155,147127892,46,146982706,47259247,3.1101,558131224,4705188824,8.4303,46,59961600,0.375,37603,59,59,37027.0,384520.0,279730.0,10.3849,10.3849,10.3849,12.0,59,428702.0,428703.0,11.5781,1.1149,22709129.2,613.3127,56125405.6,2.4715
AB,22507155,147127892,46,146982706,47259247,3.1101,558131224,4705188824,8.4303,46,59961600,0.500,37603,60,60,37027.0,384520.0,279730.0,10.3849,10.3849,10.3849,12.0,60,428702.0,428703.0,11.5781,1.1149,22579307.5,609.8066,56331106.4,2.4948
AB,22507155,147127892,46,146982706,47259247,3.1101,558131224,4705188824,8.4303,46,59961600,0.625,37603,59,59,37027.0,384520.0,279730.0,10.3849,10.3849,10.3849,12.0,59,428702.0,428703.0,11.5781,1.1149,22448207.0,606.2659,55815684.3,2.4864
AB,22507155,147127892,46,146982706,47259247,3.1101,558131224,4705188824,8.4303,46,59961600,0.750,37603,59,59,37027.0,384520.0,279730.0,10.3849,10.3849,10.3849,12.0,59,428702.0,428703.0,11.5781,1.1149,22513551.3,608.0307,55590773.5,2.4692
AB,22507155,147127892,46,146982706,47259247,3.1101,558131224,4705188824,8.4303,46,59961600,0.875,37603,60,60,37027.0,384520.0,279730.0,10.3849,10.3849,10.3849,12.0,60,428702.0,428703.0,11.5781,1.1149,22724272.9,613.7217,55373382.1,2.4368
EPI,13668320,662349794,151,662349303,20200946,32.7880,270954136,21195183588,78.2242,1,0,0.125,13668320,11,11,4072855.1,9043625.9,8291402.6,3.3467,4.3241,4.5569,12.0,11,12386492.5,12386493.5,238.6810,1.3696,587122432.3,144.1550,38186621263.5,65.0403
EPI,13668320,662349794,151,662349303,20200946,32.7880,270954136,21195183588,78.2242,1,0,0.250,13668320,7,7,6393158.6,14181578.3,13004782.3,2.6563,3.0000,4.5063,12.0,7,16500566.6,16500567.6,60.2347,1.1635,906369901.2,141.7718,59745559973.8,65.9174
EPI,13668320,662349794,151,662349303,20200946,32.7880,270954136,21195183588,78.2242,1,0,0.375,13668320,10,10,4478781.8,9942764.9,9116308.5,3.3144,4.4902,4.8145,12.0,10,13143086.1,13143087.1,223.0656,1.3219,641819272.7,143.3022,42045887086.4,65.5105
EPI,13668320,662349794,151,662349303,20200946,32.7880,270954136,21195183588,78.2242,1,0,0.500,13668320,12,12,3734100.7,8292884.5,7602890.0,3.4346,4.4428,4.8734,12.0,12,11563386.8,11563387.8,262.9907,1.3944,537406458.5,143.9186,34945660876.6,65.0265
EPI,13668320,662349794,151,662349303,20200946,32.7880,270954136,21195183588,78.2242,1,0,0.625,13668320,5,5,8947921.0,19842940.0,18197240.0,2.2176,2.2176,2.2176,12.0,5,22129859.0,22129860.0,2.4732,1.1153,1272977830.7,142.2652,84137085965.0,66.0947
EPI,13668320,662349794,151,662349303,20200946,32.7880,270954136,21195183588,78.2242,1,0,0.750,13668320,7,7,6395387.3,14191016.3,13012340.9,2.8349,4.1825,4.5738,12.0,7,17319202.4,17319203.4,110.1670,1.2204,943881411.4,147.5878,60483462369.0,64.0795
EPI,13668320,662349794,151,662349303,20200946,32.7880,270954136,21195183588,78.2242,1,0,0.875,13668320,5,5,8947921.0,19842940.0,18197240.0,2.2176,2.2176,2.2176,12.0,5,22129859.0,22129860.0,2.4732,1.1153,1358482203.7,151.8210,85929776595.0,63.2543
EPI,13668320,662349794,151,662349303,20200946,32.7880,270954136,21195183588,78.2242,31,0,0.125,7474152,8,8,4328032.0,10062181.0,9133865.0,2.3249,2.3249,2.3249,12.0,8,15990649.0,15990650.0,3.6947,1.5892,606197930.1,140.0632,23562534825.2,38.8694
EPI,13668320,662349794,151,662349303,20200946,32.7880,270954136,21195183588,78.2242,31,0,0.250,7474152,8,8,4328032.0,10062181.0,9133865.0,2.3249,2.3249,2.3249,12.0,8,15990649.0,15990650.0,3.6947,1.5892,605039380.2,139.7955,23636872307.9,39.0667
EPI,13668320,662349794,151,662349303,20200946,32.7880,270954136,21195183588,78.2242,31,0,0.375,7474152,8,8,4328032.0,10062181.0,9133865.0,2.3249,2.3249,2.3249,12.0,8,15990649.0,15990650.0,3.6947,1.5892,607602562.3,140.3877,23699697261.5,39.0053
EPI,13668320,662349794,151,662349303,20200946,32.7880,270954136,21195183588,78.2242,31,0,0.500,7474152,8,8,4328032.0,10062181.0,9133865.0,2.3249,2.3249,2.3249,12.0,8,15990649.0,15990650.0,3.6947,1.5892,616703473.8,142.4905,23762778738.9,38.5319
EPI,13668320,662349794,151,662349303,20200946,32.7880,270954136,21195183588,78.2242,31,172800,0.625,7474152,10,10,3145975.0,7618114.0,6789611.9,3.1089,4.9383,4.9383,12.0,10,12862078.9,12862079.9,6.8886,1.6884,468582031.9,148.9465,16778997088.3,35.8080
EPI,13668320,662349794,151,662349303,20200946,32.7880,270954136,21195183588,78.2242,31,432000,0.750,7474152,9,9,3878464.9,9106176.1,8211524.7,2.6412,2.3249,5.1720,12.0,9,14640548.1,14640549.1,4.7974,1.6078,558332436.8,143.9571,21045584585.1,37.6936
EPI,13668320,662349794,151,662349303,20200946,32.7880,270954136,21195183588,78.2242,31,1641600,0.875,7474152,5,5,6551770.0,21373562.0,14792696.2,3.2623,3.2623,3.2623,12.0,5,19826550.0,19826551.0,3.0261,0.9276,1376638306.6,210.1170,53265625759.1,38.6925
EPI,13668320,662349794,151,662349303,20200946,32.7880,270954136,21195183588,78.2242,61,0,0.125,4642407,11,11,2344912.0,5677325.0,5045039.0,2.4211,2.4211,2.4211,12.0,11,12834774.0,12834775.0,5.4735,2.2607,342573661.3,146.0923,10216025925.8,29.8214
EPI,13668320,662349794,151,662349303,20200946,32.7880,270954136,21195183588,78.2242,61,0,0.250,4642407,11,11,2344912.0,5677325.0,5045039.0,2.4211,2.4211,2.4211,12.0,11,12834774.0,12834775.0,5.4735,2.2607,347301874.8,148.1087,10250478574.2,29.5146
EPI,13668320,662349794,151,662349303,20200946,32.7880,270954136,21195183588,78.2242,61,0,0.375,4642407,11,11,2344912.0,5677325.0,5045039.0,2.4211,2.4211,2.4211,12.0,11,12834774.0,12834775.0,5.4735,2.2607,342335242.9,145.9907,10221762913.4,29.8589
EPI,13668320,662349794,151,662349303,20200946,32.7880,270954136,21195183588,78.2242,61,0,0.500,4642407,11,11,2344912.0,5677325.0,5045039.0,2.4211,2.4211,2.4211,12.0,11,12834774.0,12834775.0,5.4735,2.2607,345931168.6,147.5242,10246566384.9,29.6202
EPI,13668320,662349794,151,662349303,20200946,32.7880,270954136,21195183588,78.2242,61,1209600,0.625,4642407,13,13,1825030.0,5038972.1,4124568.4,3.4055,5.5611,5.5611,12.0,13,10971915.2,10971916.2,7.1703,2.1774,343226795.0,188.0664,8039283781.0,23.4227
EPI,13668320,662349794,151,662349303,20200946,32.7880,270954136,21195183588,78.2242,61,1900800,0.750,4642407,8,8,3495687.0,12166606.0,8486209.5,3.4805,3.4805,3.4805,12.0,8,15557788.0,15557789.0,4.4506,1.2787,810489679.7,231.8542,21115447318.6,26.0527
EPI,13668320,662349794,151,662349303,20200946,32.7880,270954136,21195183588,78.2242,61,5097600,0.875,4642407,7,7,4067739.0,15102873.0,9673124.4,3.7128,3.7128,3.7128,12.0,7,16196784.0,16196785.0,3.9818,1.0724,1030471465.3,253.3278,28930025742.7,28.0746
EPI,13668320,662349794,151,662349303,20200946,32.7880,270954136,21195183588,78.2242,91,0,0.125,2691178,16,16,1154114.0,2932867.0,2572795.0,2.5412,2.5412,2.5412,12.0,16,10206383.0,10206384.0,8.8435,3.4800,184908280.8,160.2167,4097926290.7,22.1619
EPI,13668320,662349794,151,662349303,20200946,32.7880,270954136,21195183588,78.2242,91,0,0.250,2691178,16,16,1154114.0,2932867.0,2572795.0,2.5412,2.5412,2.5412,12.0,16,10206383.0,10206384.0,8.8435,3.4800,181823380.0,157.5437,4069811850.7,22.3833
EPI,13668320,662349794,151,662349303,20200946,32.7880,270954136,21195183588,78.2242,91,0,0.375,2691178,16,16,1154114.0,2932867.0,2572795.0,2.5412,2.5412,2.5412,12.0,16,10206383.0,10206384.0,8.8435,3.4800,180611449.8,156.4936,4055308614.5,22.4532
EPI,13668320,662349794,151,662349303,20200946,32.7880,270954136,21195183588,78.2242,91,3456000,0.500,2691178,12,12,1503909.0,5076055.0,3807434.1,3.3752,3.3752,3.3752,12.0,12,11679258.0,11679259.0,7.7659,2.3009,359950240.6,239.3431,6353449557.0,17.6509
EPI,13668320,662349794,151,662349303,20200946,32.7880,270954136,21195183588,78.2242,91,4233600,0.625,2691178,11,11,1688208.0,6130680.0,4315269.5,3.6315,3.6315,3.6315,12.0,11,12107062.0,12107063.0,7.1715,1.9748,435239112.0,257.8113,7799285553.0,17.9195
EPI,13668320,662349794,151,662349303,20200946,32.7880,270954136,21195183588,78.2242,91,7171200,0.750,2691178,10,10,2019246.0,7894738.0,5140790.6,3.9097,3.9097,3.9097,12.0,10,12738964.0,12738965.0,6.3088,1.6136,541015308.0,267.9294,10192804403.5,18.8401
EPI,13668320,662349794,151,662349303,20200946,32.7880,270954136,21195183588,78.2242,91,11574000,0.875,2691178,9,9,2356142.0,9733454.0,6030614.6,4.1311,4.1311,4.1311,12.0,9,13367848.0,13367849.0,5.6736,1.3734,693861002.5,294.4903,13484759105.4,19.4344
EPI,13668320,662349794,151,662349303,20200946,32.7880,270954136,21195183588,78.2242,121,0,0.125,963205,8,8,160176.0,364046.0,338330.0,2.2728,2.2728,2.2728,12.0,8,723226.0,723227.0,4.5152,1.9866,13347545.4,83.3305,274390716.2,20.5574
EPI,13668320,662349794,151,662349303,20200946,32.7880,270954136,21195183588,78.2242,121,12178800,0.250,963205,22,22,492212.0,2126894.0,1504602.8,4.3211,4.3211,4.3211,12.0,22,7343850.0,7343851.0,14.9201,3.4529,160449798.8,325.9770,1595734690.3,9.9454
EPI,13668320,662349794,151,662349303,20200946,32.7880,270954136,21195183588,78.2242,121,12178800,0.375,963205,22,22,492212.0,2126894.0,1504603.0,4.3211,4.3211,4.3211,12.0,22,7343850.0,7343851.0,14.9201,3.4529,156861633.3,318.6871,1573239175.8,10.0295
EPI,13668320,662349794,151,662349303,20200946,32.7880,270954136,21195183588,78.2242,121,12178800,0.500,963205,22,22,492212.0,2126894.0,1504602.9,4.3211,4.3211,4.3211,12.0,22,7343850.0,7343851.0,14.9201,3.4529,155075366.0,315.0581,1554077781.0,10.0214
EPI,13668320,662349794,151,662349303,20200946,32.7880,270954136,21195183588,78.2242,121,13647600,0.625,963205,19,19,607555.0,2721395.0,1831573.8,4.4793,4.4793,4.4793,12.0,19,8092964.0,8092965.0,13.3205,2.9738,194940262.5,320.8603,2075736989.4,10.6481
EPI,13668320,662349794,151,662349303,20200946,32.7880,270954136,21195183588,78.2242,121,16070400,0.750,963205,17,17,724987.0,3371810.0,2165434.0,4.6509,4.6509,4.6509,12.0,17,8662186.0,8662187.0,11.9481,2.5690,235100573.6,324.2825,2659010335.7,11.3101
EPI,13668320,662349794,151,662349303,20200946,32.7880,270954136,21195183588,78.2242,121,20473200,0.875,963205,16,16,852098.0,3988967.0,2501735.0,4.6813,4.6813,4.6813,12.0,16,9318650.0,9318651.0,10.9361,2.3361,276608829.3,324.6209,3333915326.8,12.0528
EPI,13668320,662349794,151,662349303,20200946,32.7880,270954136,21195183588,78.2242,151,20732400,0.125,36190,58,58,35394.0,170122.0,88120.0,4.8065,4.8065,4.8065,12.0,58,100320.0,100321.0,2.8344,0.5897,6035827.1,170.5325,27808203.6,4.6072
EPI,13668320,662349794,151,662349303,20200946,32.7880,270954136,21195183588,78.2242,151,20732400,0.250,36190,59,59,35394.0,170122.0,88120.0,4.8065,4.8065,4.8065,12.0,59,100320.0,100321.0,2.8344,0.5897,6060044.0,171.2167,27990627.9,4.6189
EPI,13668320,662349794,151,662349303,20200946,32.7880,270954136,21195183588,78.2242,151,20732400,0.375,36190,60,60,35394.0,170122.0,88120.0,4.8065,4.8065,4.8065,12.0,60,100320.0,100321.0,2.8344,0.5897,6005708.1,169.6815,27994280.8,4.6613
EPI,13668320,662349794,151,662349303,20200946,32.7880,270954136,21195183588,78.2242,151,20732400,0.500,36190,58,58,35394.0,170122.0,88120.0,4.8065,4.8065,4.8065,12.0,58,100320.0,100321.0,2.8344,0.5897,6012960.0,169.8864,27763180.1,4.6172
EPI,13668320,662349794,151,662349303,20200946,32.7880,270954136,21195183588,78.2242,151,20732400,0.625,36190,59,59,35394.0,170122.0,88120.0,4.8065,4.8065,4.8065,12.0,59,100320.0,100321.0,2.8344,0.5897,6017130.0,170.0042,27755886.9,4.6128
EPI,13668320,662349794,151,662349303,20200946,32.7880,270954136,21195183588,78.2242,151,20732400,0.750,36190,57,57,35394.0,170122.0,88120.0,4.8065,4.8065,4.8065,12.0,57,100320.0,100321.0,2.8344,0.5897,6003998.3,169.6332,27743977.1,4.6209
EPI,13668320,662349794,151,662349303,20200946,32.7880,270954136,21195183588,78.2242,151,20732400,0.875,36190,58,58,35394.0,170122.0,88120.0,4.8065,4.8065,4.8065,12.0,58,100320.0,100321.0,2.8344,0.5897,5999176.6,169.4970,27943361.2,4.6579
HEPPH,4596803,1514695094,693,1514694375,8295735,182.5871,103140312,48470228628,469.9446,1,0,0.125,4596803,27,27,1098433.9,3195313.1,2214379.4,3.4499,4.6115,5.6144,12.0,27,4349665.7,4349666.7,51.1632,1.3613,118762812.8,108.1201,3165078427.0,26.6504
HEPPH,4596803,1514695094,693,1514694375,8295735,182.5871,103140312,48470228628,469.9446,1,0,0.250,4596803,39,39,760036.8,2211910.2,1532429.6,3.7730,5.2967,6.8000,12.0,39,3036855.5,3036856.5,63.6503,1.3730,79214684.7,104.2248,2140016186.1,27.0154
HEPPH,4596803,1514695094,693,1514694375,8295735,182.5871,103140312,48470228628,469.9446,1,0,0.375,4596803,22,22,1345109.3,3912643.6,2711252.3,3.6252,5.3000,7.2500,12.0,22,5284019.5,5284020.5,93.5748,1.3505,144328377.2,107.2986,3790280832.8,26.2615
HEPPH,4596803,1514695094,693,1514694375,8295735,182.5871,103140312,48470228628,469.9446,1,0,0.500,4596803,25,25,1183692.3,3443348.8,2386013.6,3.4528,4.4227,4.7249,12.0,25,4665101.4,4665102.4,43.8743,1.3548,124124966.0,104.8625,3310536281.1,26.6710
HEPPH,4596803,1514695094,693,1514694375,8295735,182.5871,103140312,48470228628,469.9446,1,0,0.625,4596803,27,27,1096870.9,3191018.0,2211207.0,3.4720,4.6115,4.7715,12.0,27,4337656.3,4337657.3,54.7067,1.3593,114768824.7,104.6329,3064229212.3,26.6991
HEPPH,4596803,1514695094,693,1514694375,8295735,182.5871,103140312,48470228628,469.9446,1,0,0.750,4596803,21,21,1409276.3,4099884.8,2840748.3,3.4422,4.2526,6.5000,12.0,21,5545519.1,5545520.1,28.2413,1.3526,148031214.7,105.0406,3981419753.3,26.8958
HEPPH,4596803,1514695094,693,1514694375,8295735,182.5871,103140312,48470228628,469.9446,1,0,0.875,4596803,21,21,1409638.3,4100427.7,2841467.1,3.3678,4.8456,4.8689,12.0,21,5546000.9,5546001.9,31.1258,1.3525,149695040.6,106.1939,3978909206.7,26.5801
HEPPH,4596803,1514695094,693,1514694375,8295735,182.5871,103140312,48470228628,469.9446,139,0,0.125,3754605,19,19,1382400.0,4373950.0,2965698.0,3.1640,3.1640,3.1640,12.0,19,6207417.0,6207418.0,4.4903,1.4192,141987824.5,102.7111,4465661114.3,31.4510
HEPPH,4596803,1514695094,693,1514694375,8295735,182.5871,103140312,48470228628,469.9446,139,0,0.250,3754605,20,20,1314738.1,4159045.8,2820399.9,3.1359,3.1640,3.1640,12.0,20,5909418.2,5909419.2,4.6901,1.4209,132389856.4,100.6968,4184127092.4,31.6046
HEPPH,4596803,1514695094,693,1514694375,8295735,182.5871,103140312,48470228628,469.9446,139,0,0.375,3754605,20,20,1314285.0,4159142.5,2819603.5,3.1994,3.1640,3.8706,12.0,20,5922605.2,5922606.2,5.5374,1.4240,132248452.7,100.6239,4174591033.5,31.5663
HEPPH,4596803,1514695094,693,1514694375,8295735,182.5871,103140312,48470228628,469.9446,139,11322000,0.500,3754605,21,21,1213517.3,3983171.5,2649625.4,3.4536,4.6844,4.6844,12.0,21,5661644.4,5661645.4,4.9191,1.4214,137734424.9,113.5002,3947116513.3,28.6574
HEPPH,4596803,1514695094,693,1514694375,8295735,182.5871,103140312,48470228628,469.9446,139,21427200,0.625,3754605,20,20,1299446.2,4446121.4,2844511.1,3.5099,4.8932,4.8932,12.0,20,5855751.4,5855752.4,4.5118,1.3170,165315781.8,127.2202,4671282617.4,28.2567
HEPPH,4596803,1514695094,693,1514694375,8295735,182.5871,103140312,48470228628,469.9446,139,41994000,0.750,3754605,18,18,1414581.7,5883755.6,3153836.9,4.1452,4.7695,4.7695,12.0,18,5718276.3,5718277.3,4.0488,0.9719,296684801.8,209.7332,6955736979.5,23.4449
HEPPH,4596803,1514695094,693,1514694375,8295735,182.5871,103140312,48470228628,469.9446,139,83120400,0.875,3754605,10,10,3285533.0,12992349.0,7022464.7,3.9544,3.9544,3.9544,12.0,10,7755312.0,7755313.0,2.3604,0.5969,707667321.4,215.3889,24463821576.0,34.5697
HEPPH,4596803,1514695094,693,1514694375,8295735,182.5871,103140312,48470228628,469.9446,277,0,0.125,2643238,4,4,387451.0,1321201.0,974851.0,3.4100,3.4100,3.4100,12.0,4,2666709.0,2666710.0,6.8827,2.0184,55148435.9,142.3365,1072609410.6,19.4495
HEPPH,4596803,1514695094,693,1514694375,8295735,182.5871,103140312,48470228628,469.9446,277,30585600,0.250,2643238,15,15,364769.7,1392371.9,946336.1,3.9011,5.2517,5.2517,12.0,15,2418451.7,2418452.7,6.5780,1.7369,67487039.1,185.0127,1168321243.0,17.3118
HEPPH,4596803,1514695094,693,1514694375,8295735,182.5871,103140312,48470228628,469.9446,277,44845200,0.375,2643238,18,18,507862.1,2385772.7,1319878.7,4.4924,5.3583,5.3583,12.0,18,2768816.8,2768817.8,5.6800,1.1606,142573396.3,280.7325,2465536034.8,17.2931
HEPPH,4596803,1514695094,693,1514694375,8295735,182.5871,103140312,48470228628,469.9446,277,72057601,0.500,2643238,19,19,1323760.0,6110781.0,3286323.3,4.6162,4.6162,4.6162,12.0,19,4635675.0,4635676.0,3.5019,0.7586,369746440.4,279.3153,8691405689.9,23.5064
HEPPH,4596803,1514695094,693,1514694375,8295735,182.5871,103140312,48470228628,469.9446,277,77936401,0.625,2643238,16,16,1659028.0,7479910.0,4032944.6,4.5086,4.5086,4.5086,12.0,16,5238430.0,5238431.0,3.1575,0.7003,491018655.7,295.9677,12432124540.9,25.3190
HEPPH,4596803,1514695094,693,1514694375,8295735,182.5871,103140312,48470228628,469.9446,277,97023600,0.750,2643238,14,14,1985651.0,8761176.0,4641806.3,4.4122,4.4122,4.4122,12.0,14,5688380.0,5688381.0,2.8647,0.6493,584884993.8,294.5558,16095316543.1,27.5188
HEPPH,4596803,1514695094,693,1514694375,8295735,182.5871,103140312,48470228628,469.9446,277,134179201,0.875,2643238,13,13,2313364.0,9962868.0,5241442.2,4.3067,4.3067,4.3067,12.0,13,6120472.0,6120473.0,2.6457,0.6143,657028964.2,284.0145,18645577561.8,28.3786
HEPPH,4596803,1514695094,693,1514694375,8295735,182.5871,103140312,48470228628,469.9446,416,52704000,0.125,1468000,7,7,184126.0,1029622.0,590618.0,5.5919,5.5919,5.5919,12.0,7,1156124.0,1156125.0,6.2790,1.1229,75220978.1,408.5299,845461219.5,11.2397
HEPPH,4596803,1514695094,693,1514694375,8295735,182.5871,103140312,48470228628,469.9446,416,70588800,0.250,1468000,18,18,380012.0,2180852.0,1131388.0,5.7389,5.7389,5.7389,12.0,18,1968937.0,1968938.0,5.1812,0.9028,155364304.0,408.8405,2243524441.5,14.4404
HEPPH,4596803,1514695094,693,1514694375,8295735,182.5871,103140312,48470228628,469.9446,416,90198000,0.375,1468000,34,34,551113.0,3093055.0,1570933.0,5.6124,5.6124,5.6124,12.0,34,2499708.0,2499709.0,4.5357,0.8082,217059722.6,393.8570,3602238847.5,16.5956
HEPPH,4596803,1514695094,693,1514694375,8295735,182.5871,103140312,48470228628,469.9446,416,108694801,0.500,1468000,29,29,734190.0,4015670.0,2030978.0,5.4695,5.4695,5.4695,12.0,29,2960558.0,2960559.0,4.0324,0.7373,280953013.9,382.6707,5440354908.6,19.3639
HEPPH,4596803,1514695094,693,1514694375,8295735,182.5871,103140312,48470228628,469.9446,416,123296401,0.625,1468000,25,25,917819.0,4818590.0,2432724.0,5.2500,5.2500,5.2500,12.0,25,3328103.0,3328104.0,3.6261,0.6907,341094634.3,371.6361,7443428807.3,21.8222
HEPPH,4596803,1514695094,693,1514694375,8295735,182.5871,103140312,48470228628,469.9446,416,142045201,0.750,1468000,22,22,1109068.0,5591857.0,2822785.0,5.0419,5.0419,5.0419,12.0,22,3714564.0,3714565.0,3.3493,0.6643,393642676.5,354.9311,9352897010.3,23.7599
HEPPH,4596803,1514695094,693,1514694375,8295735,182.5871,103140312,48470228628,469.9446,416,170902801,0.875,1468000,20,20,1286530.0,6303118.0,3202538.0,4.8993,4.8993,4.8993,12.0,20,4098674.0,4098675.0,3.1858,0.6503,430115568.8,334.3222,10867263358.3,25.2659
HEPPH,4596803,1514695094,693,1514694375,8295735,182.5871,103140312,48470228628,469.9446,554,97545600,0.125,741140,7,7,108744.0,610003.0,369493.0,5.6095,5.6095,5.6095,12.0,7,684432.0,684433.0,6.2940,1.1220,40886432.5,375.9879,525258176.8,12.8468
HEPPH,4596803,1514695094,693,1514694375,8295735,182.5871,103140312,48470228628,469.9446,554,117421201,0.250,741140,17,17,213321.0,1248248.0,725740.0,5.8515,5.8515,5.8515,12.0,17,1215678.0,1215679.0,5.6988,0.9739,87195366.7,408.7519,1169851727.3,13.4164
HEPPH,4596803,1514695094,693,1514694375,8295735,182.5871,103140312,48470228628,469.9446,554,127263600,0.375,741140,18,18,281322.0,1664801.0,923967.0,5.9178,5.9178,5.9178,12.0,18,1501026.0,1501027.0,5.3356,0.9016,113361972.9,402.9616,1703706705.4,15.0289
HEPPH,4596803,1514695094,693,1514694375,8295735,182.5871,103140312,48470228628,469.9446,554,139366800,0.500,741140,30,30,376082.0,2190983.0,1171425.0,5.8258,5.8258,5.8258,12.0,30,1810482.0,1810483.0,4.8141,0.8263,153274825.0,407.5569,2587658226.8,16.8825
HEPPH,4596803,1514695094,693,1514694375,8295735,182.5871,103140312,48470228628,469.9446,554,153018001,0.625,741140,42,42,463874.0,2671742.0,1409418.0,5.7596,5.7596,5.7596,12.0,42,2080490.0,2080491.0,4.4850,0.7787,180239102.8,388.5519,3355867858.0,18.6190
HEPPH,4596803,1514695094,693,1514694375,8295735,182.5871,103140312,48470228628,469.9446,554,162604801,0.750,741140,37,37,558122.0,3151663.0,1649015.0,5.6469,5.6469,5.6469,12.0,37,2345222.0,2345223.0,4.2020,0.7441,206758894.4,370.4547,4230836606.7,20.4627
HEPPH,4596803,1514695094,693,1514694375,8295735,182.5871,103140312,48470228628,469.9446,554,192758401,0.875,741140,33,33,648741.0,3566724.0,1843688.0,5.4979,5.4979,5.4979,12.0,33,2549535.0,2549536.0,3.9300,0.7148,224279986.4,345.7158,4989873306.9,22.2484
HEPPH,4596803,1514695094,693,1514694375,8295735,182.5871,103140312,48470228628,469.9446,693,221270401,0.125,73944,57,57,71768.0,423434.0,264414.0,5.9000,5.9000,5.9000,12.0,57,452081.0,452082.0,6.2992,1.0677,22701250.3,316.3144,361184281.8,15.9103
HEPPH,4596803,1514695094,693,1514694375,8295735,182.5871,103140312,48470228628,469.9446,693,221270401,0.250,73944,58,58,71768.0,423434.0,264414.0,5.9000,5.9000,5.9000,12.0,58,452081.0,452082.0,6.2992,1.0677,22885160.7,318.8769,367196513.2,16.0452
HEPPH,4596803,1514695094,693,1514694375,8295735,182.5871,103140312,48470228628,469.9446,693,221270401,0.375,73944,60,60,71768.0,423434.0,264414.0,5.9000,5.9000,5.9000,12.0,60,452081.0,452082.0,6.2992,1.0677,24949755.3,347.6446,387666875.8,15.5379
HEPPH,4596803,1514695094,693,1514694375,8295735,182.5871,103140312,48470228628,469.9446,693,221270401,0.500,73944,57,57,71768.0,423434.0,264414.0,5.9000,5.9000,5.9000,12.0,57,452081.0,452082.0,6.2992,1.0677,22642537.8,315.4963,360294498.3,15.9123
HEPPH,4596803,1514695094,693,1514694375,8295735,182.5871,103140312,48470228628,469.9446,693,221270401,0.625,73944,58,58,71768.0,423434.0,264414.0,5.9000,5.9000,5.9000,12.0,58,452081.0,452082.0,6.2992,1.0677,22888874.1,318.9287,360239394.2,15.7386
HEPPH,4596803,1514695094,693,1514694375,8295735,182.5871,103140312,48470228628,469.9446,693,221270401,0.750,73944,55,55,71768.0,423434.0,264414.0,5.9000,5.9000,5.9000,12.0,55,452081.0,452082.0,6.2992,1.0677,22534681.9,313.9934,361008219.9,16.0201
HEPPH,4596803,1514695094,693,1514694375,8295735,182.5871,103140312,48470228628,469.9446,693,221270401,0.875,73944,60,60,71768.0,423434.0,264414.0,5.9000,5.9000,5.9000,12.0,60,452081.0,452082.0,6.2992,1.0677,22855616.9,318.4653,361286839.4,15.8074
WT,6092321,1125678064,1582,1125673734,15183211,74.1394,170204264,36021611448,211.6375,1,14,0.125,6092321,60,60,10.4,47.6,40.8,5.3381,9.6000,14.0000,12.0,60,26280.4,26281.4,13537.6824,551.5296,2246.1,214.9394,210745.1,93.8264
WT,6092321,1125678064,1582,1125673734,15183211,74.1394,170204264,36021611448,211.6375,1,42,0.250,6092321,60,60,77.8,404.6,277.8,4.9809,10.3750,31.0000,12.0,60,41544.4,41545.4,4105.9023,102.6716,10794.0,138.7409,544162.6,50.4132
WT,6092321,1125678064,1582,1125673734,15183211,74.1394,170204264,36021611448,211.6375,1,120,0.375,6092321,60,60,530.2,2159.7,1693.6,4.5302,7.2500,13.0000,12.0,60,70753.7,70754.7,7076.0535,32.7604,52392.5,98.8072,8026599.1,153.2013
WT,6092321,1125678064,1582,1125673734,15183211,74.1394,170204264,36021611448,211.6375,1,314,0.500,6092321,60,60,358.8,1422.1,1111.1,5.1421,9.4286,15.0000,12.0,60,49110.7,49111.7,2838.2908,34.5343,36876.4,102.7723,4363928.2,118.3393
WT,6092321,1125678064,1582,1125673734,15183211,74.1394,170204264,36021611448,211.6375,1,866,0.625,6092321,60,60,774.2,3523.4,2859.2,5.4241,9.3333,9.8977,12.0,60,196134.0,196135.0,1832.2633,55.6664,102142.0,131.9267,12308100.3,120.4998
WT,6092321,1125678064,1582,1125673734,15183211,74.1394,170204264,36021611448,211.6375,1,2965,0.750,6092321,60,60,6614.9,31580.5,22307.1,5.2475,9.0000,16.0000,12.0,60,895911.8,895912.8,1311.5932,28.3691,798384.3,120.6942,42686995.5,53.4667
WT,6092321,1125678064,1582,1125673734,15183211,74.1394,170204264,36021611448,211.6375,1,13946,0.875,6092321,10,10,2514421.1,12854421.1,7706610.2,4.7536,5.1123,5.1123,12.0,10,8134245.3,8134246.3,541.9058,0.6328,316630896.6,125.9260,13413157810.1,42.3621
WT,6092321,1125678064,1582,1125673734,15183211,74.1394,170204264,36021611448,211.6375,317,10764889,0.125,1425905,8,8,177884.0,1527627.0,993371.0,8.5878,8.5878,8.5878,12.0,8,1763353.0,1763354.0,9.9129,1.1543,209438426.5,1177.3877,2292019475.2,10.9436
WT,6092321,1125678064,1582,1125673734,15183211,74.1394,170204264,36021611448,211.6375,317,13881616,0.250,1425905,16,16,356811.0,3089344.0,1816904.0,8.6582,8.6582,8.6582,12.0,16,2962965.0,2962966.0,8.3040,0.9591,354849729.5,994.5033,6461357796.1,18.2087
WT,6092321,1125678064,1582,1125673734,15183211,74.1394,170204264,36021611448,211.6375,317,16655261,0.375,1425905,24,24,534413.0,4626496.0,2575853.2,8.6572,8.6572,8.6572,12.0,24,3709546.0,3709547.0,6.9413,0.8018,501634543.5,938.6646,11099218928.8,22.1261
WT,6092321,1125678064,1582,1125673734,15183211,74.1394,170204264,36021611448,211.6375,317,21244646,0.500,1425905,20,20,712690.0,6056764.0,3227724.8,8.4985,8.4985,8.4985,12.0,20,4274290.0,4274291.0,5.9974,0.7057,633347544.7,888.6719,16331269622.0,25.7856
WT,6092321,1125678064,1582,1125673734,15183211,74.1394,170204264,36021611448,211.6375,317,27177200,0.625,1425905,17,17,890857.0,7408459.0,3810001.0,8.3161,8.3161,8.3161,12.0,17,4841469.0,4841470.0,5.4346,0.6535,733855650.0,823.7637,20969491742.6,28.5744
WT,6092321,1125678064,1582,1125673734,15183211,74.1394,170204264,36021611448,211.6375,317,35190648,0.750,1425905,15,15,1070318.0,8701092.0,4365222.0,8.1294,8.1294,8.1294,12.0,15,5318728.0,5318729.0,4.9693,0.6113,908503828.0,848.8167,27244097342.2,29.9879
WT,6092321,1125678064,1582,1125673734,15183211,74.1394,170204264,36021611448,211.6375,317,48057433,0.875,1425905,13,13,1247674.0,9936593.0,4873013.0,7.9641,7.9641,7.9641,12.0,13,5732958.0,5732959.0,4.5949,0.5770,1040871704.6,834.2497,33275706176.2,31.9691
WT,6092321,1125678064,1582,1125673734,15183211,74.1394,170204264,36021611448,211.6375,633,27964002,0.125,576634,7,7,81323.0,715560.0,519666.0,8.7990,8.7990,8.7990,12.0,7,1025860.0,1025861.0,12.6146,1.4336,108357333.2,1332.4316,1045076340.4,9.6447
WT,6092321,1125678064,1582,1125673734,15183211,74.1394,170204264,36021611448,211.6375,633,30775408,0.250,576634,20,20,152149.0,1369034.0,928582.0,8.9980,8.9980,8.9980,12.0,20,1471657.0,1471658.0,9.6725,1.0750,189405768.7,1244.8703,2469558985.3,13.0385
WT,6092321,1125678064,1582,1125673734,15183211,74.1394,170204264,36021611448,211.6375,633,34059503,0.375,576634,25,25,217137.0,1970268.0,1278388.0,9.0738,9.0738,9.0738,12.0,25,1828778.0,1828779.0,8.4222,0.9282,259679813.4,1195.9261,3920779014.0,15.0985
WT,6092321,1125678064,1582,1125673734,15183211,74.1394,170204264,36021611448,211.6375,633,39515977,0.500,576634,31,31,288844.0,2628307.0,1640213.0,9.0994,9.0994,9.0994,12.0,31,2420902.0,2420903.0,8.3813,0.9211,331647977.8,1148.1906,5785886890.6,17.4459
WT,6092321,1125678064,1582,1125673734,15183211,74.1394,170204264,36021611448,211.6375,633,47268387,0.625,576634,34,34,360818.0,3283371.0,1991739.0,9.0998,9.0998,9.0998,12.0,34,2738400.0,2738401.0,7.5894,0.8340,391326390.3,1084.5534,7595569301.5,19.4098
WT,6092321,1125678064,1582,1125673734,15183211,74.1394,170204264,36021611448,211.6375,633,56351716,0.750,576634,29,29,432644.0,3910544.0,2321002.0,9.0387,9.0387,9.0387,12.0,29,3076477.0,3076478.0,7.1109,0.7867,469469239.3,1085.1167,10060019730.0,21.4285
WT,6092321,1125678064,1582,1125673734,15183211,74.1394,170204264,36021611448,211.6375,633,67641598,0.875,576634,26,26,514965.0,4587415.0,2656441.0,8.9082,8.9082,8.9082,12.0,26,3363347.0,3363348.0,6.5312,0.7332,536943786.4,1042.6802,12857267611.6,23.9453
WT,6092321,1125678064,1582,1125673734,15183211,74.1394,170204264,36021611448,211.6375,949,7859950,0.125,27651,8,8,1907.8,7613.9,6556.4,3.9128,4.0807,4.0807,12.0,8,20309.2,20310.2,10.3702,2.6674,1388673.1,727.9115,12365247.3,8.9044
WT,6092321,1125678064,1582,1125673734,15183211,74.1394,170204264,36021611448,211.6375,949,17954626,0.250,27651,21,21,8058.0,36735.0,29569.0,4.5588,4.5588,4.5588,12.0,21,53331.0,53332.0,6.6184,1.4518,6345428.6,787.4694,73091135.7,11.5187
WT,6092321,1125678064,1582,1125673734,15183211,74.1394,170204264,36021611448,211.6375,949,22948062,0.375,27651,32,32,10128.7,54322.1,41115.6,5.3607,5.3635,5.3635,12.0,32,68548.1,68549.1,7.6479,1.2619,8679991.9,856.9737,95500686.3,11.0024
WT,6092321,1125678064,1582,1125673734,15183211,74.1394,170204264,36021611448,211.6375,949,23730481,0.500,27651,25,25,10612.8,57137.6,43210.3,5.3818,5.3841,5.3841,12.0,25,70865.1,70866.1,7.3032,1.2403,9256198.4,872.1764,101107784.2,10.9233
WT,6092321,1125678064,1582,1125673734,15183211,74.1394,170204264,36021611448,211.6375,949,54962195,0.625,27651,54,54,21463.0,157018.1,121565.3,7.0189,7.3364,7.3364,12.0,54,439784.9,439785.9,19.0419,2.8009,22719959.8,1058.5622,234585044.8,10.3251
WT,6092321,1125678064,1582,1125673734,15183211,74.1394,170204264,36021611448,211.6375,949,54962195,0.750,27651,55,55,22304.6,163373.6,126452.5,7.1493,7.3364,7.3364,12.0,55,457999.3,458000.3,19.6784,2.8034,23359022.0,1047.2755,243008892.7,10.4032
WT,6092321,1125678064,1582,1125673734,15183211,74.1394,170204264,36021611448,211.6375,949,54962195,0.875,27651,52,52,23511.0,172485.0,133459.0,7.3364,7.3364,7.3364,12.0,52,484112.0,484113.0,20.5909,2.8067,24241001.4,1031.0494,260512916.4,10.7468
WT,6092321,1125678064,1582,1125673734,15183211,74.1394,170204264,36021611448,211.6375,1265,11146046,0.125,12980,12,12,1303.0,5230.3,4570.3,3.9975,4.5664,4.5664,12.0,12,11938.0,11939.0,9.0736,2.2825,939983.8,721.3997,8571769.6,9.1191
WT,6092321,1125678064,1582,1125673734,15183211,74.1394,170204264,36021611448,211.6375,1265,11280077,0.250,12980,14,14,2169.4,8708.0,7521.7,3.9622,4.0886,4.0886,12.0,14,20616.3,20617.3,9.1254,2.3675,1579673.0,728.1516,15996150.6,10.1262
WT,6092321,1125678064,1582,1125673734,15183211,74.1394,170204264,36021611448,211.6375,1265,24176641,0.375,12980,23,23,5726.0,25958.0,21950.0,4.5334,4.5334,4.5334,12.0,23,41972.0,41973.0,7.3301,1.6169,4564222.1,797.1048,47891001.8,10.4927
WT,6092321,1125678064,1582,1125673734,15183211,74.1394,170204264,36021611448,211.6375,1265,24799916,0.500,12980,29,29,7342.0,35036.0,27620.0,4.7720,4.7720,4.7720,12.0,29,45466.0,45467.0,6.1926,1.2977,5520393.4,751.8923,73454002.0,13.3059
WT,6092321,1125678064,1582,1125673734,15183211,74.1394,170204264,36021611448,211.6375,1265,33877379,0.625,12980,37,37,7093.7,34140.0,26633.8,4.7432,4.8278,4.8278,12.0,37,42215.7,42216.7,5.8363,1.2365,5534314.1,780.1728,72478153.7,13.0961
WT,6092321,1125678064,1582,1125673734,15183211,74.1394,170204264,36021611448,211.6375,1265,37936881,0.750,12980,51,51,9145.2,49400.9,38787.1,5.3013,5.4199,5.4199,12.0,51,61837.1,61838.1,6.5665,1.2517,8029704.8,878.0206,89747734.6,11.1770
WT,6092321,1125678064,1582,1125673734,15183211,74.1394,170204264,36021611448,211.6375,1265,40018533,0.875,12980,53,53,8832.8,47913.2,37673.1,5.2521,5.4567,5.4567,12.0,53,58550.7,58551.7,6.3143,1.2220,8049441.3,911.3075,85660599.6,10.6418
WT,6092321,1125678064,1582,1125673734,15183211,74.1394,170204264,36021611448,211.6375,1582,88799810,0.125,2605,60,60,2605.0,20092.0,16012.0,7.7129,7.7129,7.7129,12.0,60,21176.0,21177.0,8.1290,1.0540,2983207.6,1145.1853,23155890.8,7.7621
WT,6092321,1125678064,1582,1125673734,15183211,74.1394,170204264,36021611448,211.6375,1582,88799810,0.250,2605,60,60,2605.0,20092.0,16012.0,7.7129,7.7129,7.7129,12.0,60,21176.0,21177.0,8.1290,1.0540,2985887.1,1146.2139,22999541.3,7.7027
WT,6092321,1125678064,1582,1125673734,15183211,74.1394,170204264,36021611448,211.6375,1582,88799810,0.375,2605,60,60,2605.0,20092.0,16012.0,7.7129,7.7129,7.7129,12.0,60,21176.0,21177.0,8.1290,1.0540,2985001.8,1145.8740,22277496.0,7.4631
WT,6092321,1125678064,1582,1125673734,15183211,74.1394,170204264,36021611448,211.6375,1582,88799810,0.500,2605,60,60,2605.0,20092.0,16012.0,7.7129,7.7129,7.7129,12.0,60,21176.0,21177.0,8.1290,1.0540,3151650.9,1209.8468,22586562.9,7.1666
WT,6092321,1125678064,1582,1125673734,15183211,74.1394,170204264,36021611448,211.6375,1582,88799810,0.625,2605,60,60,2605.0,20092.0,16012.0,7.7129,7.7129,7.7129,12.0,60,21176.0,21177.0,8.1290,1.0540,2943374.6,1129.8943,22685302.6,7.7072
WT,6092321,1125678064,1582,1125673734,15183211,74.1394,170204264,36021611448,211.6375,1582,88799810,0.750,2605,60,60,2605.0,20092.0,16012.0,7.7129,7.7129,7.7129,12.0,60,21176.0,21177.0,8.1290,1.0540,3010371.7,1155.6129,22489771.5,7.4708
WT,6092321,1125678064,1582,1125673734,15183211,74.1394,170204264,36021611448,211.6375,1582,88799810,0.875,2605,60,60,2605.0,20092.0,16012.0,7.7129,7.7129,7.7129,12.0,60,21176.0,21177.0,8.1290,1.0540,3223194.0,1237.3106,22239518.9,6.8998
BRIGHTKITE,4702731,1474534371,2100,1474148737,8262870,178.4064,103724816,47177387192,454.8322,1,106,0.125,4702731,60,60,1.8,5.2,7.2,3.1344,7.0000,10.0000,12.0,60,5663.2,5664.2,1674.3360,1078.6984,928.1,525.3318,40678.6,43.8306
BRIGHTKITE,4702731,1474534371,2100,1474148737,8262870,178.4064,103724816,47177387192,454.8322,1,783,0.250,4702731,60,60,415.0,2188.6,1132.0,3.7084,8.0000,11.0000,12.0,60,34554.1,34555.1,2229.4935,15.7885,28381.3,68.3859,11645368.2,410.3183
BRIGHTKITE,4702731,1474534371,2100,1474148737,8262870,178.4064,103724816,47177387192,454.8322,1,3283,0.375,4702731,60,60,124.0,729.0,424.5,3.0650,5.9649,6.4335,12.0,60,19614.3,19615.3,872.3877,26.9040,18029.1,145.3963,867655.6,48.1252
BRIGHTKITE,4702731,1474534371,2100,1474148737,8262870,178.4064,103724816,47177387192,454.8322,1,8527,0.500,4702731,60,60,3821.1,19743.5,9258.2,3.5651,7.0000,8.5000,12.0,60,34463.6,34464.6,817.5441,1.7456,319496.8,83.6149,951297695.2,2977.4871
BRIGHTKITE,4702731,1474534371,2100,1474148737,8262870,178.4064,103724816,47177387192,454.8322,1,21986,0.625,4702731,60,60,10653.8,54726.6,26773.3,3.4372,5.1791,17.0000,12.0,60,91649.2,91650.2,461.6361,1.6747,1200275.0,112.6613,3686570075.5,3071.4378
BRIGHTKITE,4702731,1474534371,2100,1474148737,8262870,178.4064,103724816,47177387192,454.8322,1,52055,0.750,4702731,60,60,84299.4,395942.8,232898.9,3.5292,4.8333,10.0000,12.0,60,726146.0,726147.0,170.8429,1.8340,13806583.9,163.7804,11134810912.1,806.4856
